c30d87a7-26c2-42cf-9a75-eee1586bcf8a,1.2
8cdc1db7-15d3-437c-ab2d-3b6349383061,8.716666666666667
f484fb7b-2fcc-4cb4-848a-dcee9a51d5a1,16.2
edc2f0e9-d5b4-450f-b7eb-3931bb5da973,8.25
066bf95e-a2c1-47da-955d-808c22579e58,21.033333333333335
0f9d9235-10e9-459d-8259-3f7409f68ab0,6.2
c60463ff-c809-4098-a3aa-5ac4572acd89,20.2
3be7a77e-b8a9-4c98-9baf-33dd1fe4905e,6.333333333333333
46a179c7-6c9c-425b-961f-69f15aa8a981,6.0
ec591ef1-bb2d-44ca-a5bd-5bccd043cd9e,18.4
e12a4118-1ec9-4331-814e-fa00f706e586,13.366666666666667
180d6eb1-bd78-4da5-940c-c9d9fff07e67,14.416666666666666
4918abfb-8f52-4cc9-9445-ab395483109d,2.75
6f5b65a7-5c22-444d-ba47-90dfa35c32da,1380.0666666666666
59dffcc7-95aa-4f0b-a82d-ddf3fbf6ad4c,32.81666666666667
fa473ece-ba66-4253-bec4-0308f9ae0eeb,2.3333333333333335
7655307c-b9e6-42bc-9242-9937d78d803b,21.866666666666667
48e9b34b-873e-4094-925c-9a3da9e9736c,14.433333333333334
68185b97-afd8-47c9-b262-a96ca89c564b,5.866666666666666
c46a8e60-44fd-4cbf-8b4d-4a88d3d73db3,22.366666666666667
c1a64c03-4ba4-4215-929c-2400aaab4a37,0.9166666666666666
565a3f1c-87c8-4a4d-9be8-8d7d37c44c71,28.683333333333334
47446094-9cbc-4658-a0dc-eb92412f0927,7.9
15697868-2c26-47da-a8ba-236d32557328,16.766666666666666
7b1196a2-e8a7-4b81-9ce0-fa7174e6f040,15.8
ad1b38ba-058b-4114-a1f1-96b3df33a50e,14.25
43556fc6-b892-4245-aaf1-c29c95f41f00,8.083333333333334
bfc98eac-48a0-4778-92df-f5cf8b1a7a48,13.633333333333333
cc42e9e6-ccce-46b1-a018-bcc8f8b45ed9,3.566666666666667
5016ed49-b84f-44fc-b36e-6db6ca9a39bb,0.03333333333333333
77892277-d3f0-43bc-b4cb-2eb20eb140a0,8.466666666666667
d0171368-3bd6-46f8-b4fa-000ac64b0c4b,3.0833333333333335
b1ba0c05-40db-4761-a0e8-52c831b079c5,7.483333333333333
33c0f087-40ef-4d75-a5f4-cdf66b084d8d,16.116666666666667
6b384b14-c49c-4ae9-82e0-1fe196999305,6.983333333333333
41b5bad4-837e-4eda-af72-a26c7d506fe5,12.483333333333333
db25477d-46cd-4493-b4fc-14002055bfa2,8.783333333333333
474a5688-dd0e-4ba2-9824-4ba4b639da5b,4.333333333333333
87b1f6d8-6732-469d-b6cd-f349848c15a0,4.383333333333334
180d089c-6c4a-4d5f-920b-01f9d5177e3c,7.7
e083df13-8cd6-4fe9-b751-e8e9b429d629,14.333333333333334
65a3f265-b20e-4038-b9f0-277a5ffba4d3,1.3166666666666667
47c575be-04b0-4db7-ad25-33e5a33ef854,2.4
a92175b1-1670-4b20-a028-f3086a89085e,6.983333333333333
ac177254-4dbe-460c-807e-fafe19a02971,5.616666666666666
2b2c10cb-bb82-4744-8687-f8fc7fd5ba75,7.616666666666666
b5506312-2c73-4383-9d82-3690c209b0ad,6.783333333333333
bf865484-3c0f-4a9b-8179-beb34cb3ee34,8.7
1ebcbc68-2393-4014-be9f-741c811a4282,17.983333333333334
313688c7-03b1-495d-9b32-bb699939b35c,8.616666666666667
db9b5291-d349-443a-80c7-73a91c004963,5.366666666666666
19d3c2ed-a8d8-4b86-a773-58ca9e458492,38.983333333333334
17ff60f6-9ea0-45b2-a9ff-82b2cae3eddd,6.4
84ee0a52-fe50-4c69-9f60-f79ac7ccf30d,10.533333333333333
7bbda942-e782-4a04-b297-7b324a60ad7e,7.25
77a2b8fc-1a44-48c8-82fe-1ea64ecb83e5,20.7
942ec9b9-89c4-468b-a382-e78ec9858f44,0.2833333333333333
ca8ae9a1-9c5d-4ae9-8f9b-8b946ad79654,16.166666666666668
14f1789a-4a1c-4183-aa96-dc6afd658b4f,16.366666666666667
20a38724-9598-417b-99cf-dee5ae3be67c,6.233333333333333
0e4d5d85-b4f8-4a62-9319-04681174b485,11.583333333333334
f820c861-580d-451e-9e79-52a7eb49b8aa,5.65
38fd7604-b3e0-4772-890d-d1d8bb7551da,18.85
ea40e19d-0fe4-4014-92e3-40b754977ea0,9.433333333333334
dfae2aa5-c15f-4b04-8847-251e21507c44,25.6
d6cd7fba-aaad-480e-aff0-089d79627657,10.633333333333333
ec19944f-24cf-4055-900f-a4651ab7919c,3.783333333333333
7c801b30-fa78-4d86-8d67-d6221f4f9a40,6.366666666666666
f544479a-e983-4246-93be-efe179ae3399,28.633333333333333
ab0e5af4-eec4-491b-8446-f09727f36959,8.55
daab3157-8261-4b6f-8879-9e9122149840,27.633333333333333
9d8bac8d-4af5-4bc9-b1d5-316f1d22fd06,5.15
73a3d790-88b8-473d-9c9c-4b3d2b8f8e1d,6.8
f86a4127-a0b9-4028-97ce-d9a80d0b8280,13.8
8390daa0-c6a1-40b6-ad9e-7d3328cc3148,11.316666666666666
ac4a5b00-ec7e-4bd4-bc93-0a3eb1142b3c,15.05
8e207929-7911-413e-a174-9f5137e7e866,382.71666666666664
817dd2e5-fa7e-4889-8750-afe23a27b40a,10.533333333333333
361b1184-87d3-4d6b-92b1-3ba7d7e6fee7,15.833333333333334
100784ee-ec3c-4bdb-883f-91067c6190d8,0.08333333333333333
af67a339-ad26-46ef-90b1-ab95147c1cba,0.18333333333333332
ae3b93e8-3005-4ed6-ab0d-f8e8a64cc9eb,12.0
2f951035-f0c6-45ba-bf7f-420db5e4c144,4.316666666666666
f2dcb5db-9382-4378-85ac-a8a7abc66de0,6.566666666666666
769682e4-12a3-4da3-a1c0-9d9b7a16d513,17.383333333333333
8d249581-e5f2-4479-a743-63541ab850f1,11.683333333333334
a5eb7af4-2998-4c2c-9a75-5615cf430703,6.15
b2848db0-7e55-4886-bbf5-455bfd79f4c1,7.9
b9200dc6-239a-4142-8743-ed312e149f30,3.15
7d13fcf4-f9cf-480c-a4e0-924f34b9135d,12.866666666666667
5ecda226-51c6-46f4-9266-b4cc40bbb8de,11.133333333333333
047f0bba-ae11-4806-aa59-dded70e58d59,18.333333333333332
cd124a3c-2c76-4dc7-b701-fed62c357df2,15.0
3eb7e327-e207-4504-a407-62110be2b570,22.9
d3d0e002-c312-4a9a-94ca-b91f49ab16c8,3.283333333333333
ead6e8b4-d6db-470e-8d14-87a34882f40d,6.25
8bf4af33-74af-4bf3-9870-87d607af20d5,1.9833333333333334
8cfd39dd-0290-44f5-a60c-6904def0acf3,18.75
e134d3a9-890c-4c40-8b06-db005a0acbc7,41.05
70b15365-4d87-4a5a-882e-1bdfb40a0711,19.55
8b239a5f-658a-47a7-b989-35e121404f1e,19.433333333333334
35d12d46-9abf-4048-9900-73bb8d1aacc9,5.65
0a2d57b1-ce17-4fa6-9f31-bda8add32834,8.8
af11d000-3715-4a93-82db-0ea0a817bfe2,1.2333333333333334
6de61943-a389-4b56-a704-71490b15839a,6.75
eb490b94-f325-463a-9047-17e3a05d4936,29.533333333333335
1a4dc7a0-f7dd-47dc-a05a-cc0dd935ee4c,10.3
d4aa3b95-e177-4fef-97b9-b8b7e8cb1a72,6.283333333333333
fdb2a44d-f03a-44a8-9013-02ebdaa5498c,13.2
e33e0878-c590-46ee-aa87-cf24d397b131,27.95
3c5a604c-227c-43d7-8685-c3919fc76221,4.866666666666666
40620a57-0b71-44ea-b897-78d00821edec,4.866666666666666
ee37da01-3a2d-4c0e-b841-1913f976ffda,18.333333333333332
8c03812d-a9fe-4a40-895a-34bb68d2d0f7,6.216666666666667
3f9ec163-0706-48e2-8aa7-252f4f01129f,7.5
09dd1ad8-87f8-4691-b2f2-cfe535c9b33a,15.683333333333334
7f595271-088e-4858-9feb-5e9e33ddbfc4,4.55
9181c8b3-1a4a-4833-a217-8f0afaff1e47,30.983333333333334
3423281f-dad1-4279-8504-180a0b8cacd9,7.05
0ecd30b5-12a0-4920-b59b-e317a7445901,3.05
2b14fbf9-3d8c-4316-9241-377ec1bebef7,17.833333333333332
5567140b-3fbd-4fd0-8e04-ff7bffe7e3c3,12.366666666666667
268704f9-f2bc-46d9-b857-61c160fa0aa2,11.333333333333334
347efc53-60df-4c07-9b88-4ef56dc7f82e,36.71666666666667
7e0063c5-c302-4109-907f-b123c853d2d9,3.7333333333333334
b15c4072-5c17-4f5f-bf61-3332160889dd,5.216666666666667
7b4f265b-1d1d-4a97-8d87-c042e503415b,3.8333333333333335
d5ad3f84-eee6-4b30-b386-5921af645d86,20.65
195784fd-bd1e-4c6c-ae34-e1e33797e461,16.4
161ea64e-100b-402b-9ba4-99835430de69,7.366666666666666
32dd07e6-53ab-428c-b3f1-2a7de848c655,22.833333333333332
4584bdc9-8f80-48ee-8672-647c18b12ea7,4.116666666666666
00585b6b-7263-45a1-b776-15b699932d06,15.133333333333333
1754fc5c-f7b6-4afe-a637-b27b976c65ea,14.816666666666666
5f530056-37d6-459d-b93d-7522b085f584,19.25
8ac97cff-c3a0-4d9d-a0fa-a5b5f8c240f0,18.2
7e430825-b0e9-40ae-a704-16a986fbc8f5,9.4
4cd81047-6250-4641-b6d8-3a2188305f16,20.983333333333334
57013ae9-eba7-463c-a1c6-8d9a06d91f7f,6.483333333333333
03e086ab-d452-4c14-ac8e-fca9d5e3070d,4.833333333333333
1ea9100c-ba4f-4a97-9cd4-ef09d6081601,3.35
e4675de9-d3d4-4242-bfbf-db9d698fd364,19.166666666666668
09fb777b-6cdb-47ac-9b35-1652c6285c7e,12.75
c67672f3-dc20-4fd3-8efc-0bf214e62f8e,0.2
8fa07701-8d28-4467-bf22-2b627c30a02e,9.783333333333333
291937d3-ee3c-45b2-bc16-fbf2d074b202,5.7
60c1f839-5472-4247-82da-44bf4f5a0dac,0.05
29200f1d-669a-43cd-a856-59eaa758c2ab,8.4
cc78347d-0361-4a74-88db-8088ea49ef58,19.866666666666667
c63e76d8-2a93-4b75-9ded-186966a519c5,5.883333333333334
d6eb3a64-a134-406b-8f1a-b3e36e589c75,10.666666666666666
52ba7e90-45b6-4a41-b157-1c36f7f5abe4,7.533333333333333
91fe6716-3680-42db-91a8-16347bb71521,12.35
23df8fa1-1d38-4225-8024-24238deb57bc,1390.25
3f1e50b9-b1b8-4abb-8802-c2a4f757424b,34.333333333333336
b59b85d1-7ba3-4e51-b49c-51264989d90a,34.333333333333336
44592e98-cf4f-48cc-ae01-424ffad1a59e,8.183333333333334
66b0a40a-8df7-44ea-bc55-e4e52d60c66e,3.35
44dc9423-051c-4054-baa7-144b3a9c3fe6,3.35
099a535d-a8bc-4d44-9f12-341934eccf09,17.25
6f932af9-110d-405b-97f2-6cc423f4eef5,0.03333333333333333
85cefbae-a972-4f06-8bdc-aa2b7f5f865d,10.683333333333334
24ad8c66-c1b0-4e4c-83f0-e2b7dfc5dffd,9.833333333333334
f6453638-7ca8-4eae-9742-24c1bd58a3d6,29.016666666666666
08524867-600c-4be9-a7c1-fe535bd3ed59,27.266666666666666
ff080590-094f-4cf2-986b-c69cb4795d67,9.116666666666667
f08fd3ce-badf-49c1-8209-f58b6e520d39,3.05
f373d08c-b013-4f80-ab44-25feeef4d4cc,12.25
d99eb548-6541-4406-b74f-239b25146b68,15.05
68e97b83-8d46-40ef-a9c7-eaaf8fbfd980,21.416666666666668
952f863e-a8d4-4763-a4b6-4729f97688be,13.083333333333334
5189ad3f-d86e-4067-9dd5-87838ea10472,31.183333333333334
c153ff2d-b206-4991-8ce9-690ba527842e,11.75
a616d551-46c0-4b0a-b593-bbca63b510db,22.333333333333332
f4222e4e-eb94-4390-9625-a988b559dfdd,11.533333333333333
16d20b65-439d-428c-a65c-d5e1dfe3a5fe,4.233333333333333
2f1c9990-060f-423a-8646-82170917561c,11.7
a1ca48e2-dc00-4d94-86c0-e1f2e9ba7dbd,23.383333333333333
278e2967-d258-4391-a74f-ba08e50c1506,6.95
d995f960-6b71-4231-9b54-e157733f9ad1,31.116666666666667
86a38a16-9fbe-4b05-a697-4504af6c6f6d,5.616666666666666
b2d4cad3-1460-4830-a871-42df9232683b,6.966666666666667
cf0041c4-ccdf-4951-975e-856c3643da79,19.233333333333334
8d6c72e6-1980-4448-a1f0-ffe86fb823ca,9.166666666666666
f6dc69e6-9304-4b7f-ad50-5074a0314c97,0.08333333333333333
e4596404-cb25-449d-a598-fe1dfa3c12c8,5.466666666666667
8d3382df-70b6-4d2b-ac30-fad9cccf4a2b,53.05
28727de3-ba01-4d74-bf50-7ca430eef309,11.183333333333334
1199a069-9113-41ff-9fa9-5558f70acc95,0.06666666666666667
cf5ee9f3-9647-4a38-83af-8fec8baf293e,11.833333333333334
710a2849-d1e7-4e00-a28f-37fff62841ef,2.65
c4811803-e357-417b-9b75-90da8ccef847,4.9
f45d71ad-6ec3-49de-a6be-ed0c434b683e,6.666666666666667
8a6cbb34-753b-4522-bce5-933490f16235,5.816666666666666
53df27da-1193-499c-baa3-4e10afb1c242,0.31666666666666665
af85271d-d1a9-4ad8-acac-a8ead9860735,7.466666666666667
1eb54d51-fea2-4ea0-812d-bc414ab83993,8.116666666666667
a8532f5a-929c-4800-8846-67c9f1f31fd3,70.41666666666667
3b41c92a-9240-4257-8524-a252a5bacd59,9.55
2f4c1178-1f4a-4113-9482-c26d197ae540,18.616666666666667
9f014b3f-00dc-4ec9-ae78-1c41f0d8ea21,2.9166666666666665
5626ac3a-822f-47ac-a59d-75f6c0318f27,0.31666666666666665
7e38d70a-8d9c-474b-b2b9-600268ab7162,5.533333333333333
7f0d0f8a-5aa1-49c6-9633-f955174de630,12.016666666666667
b3f26d7b-4c86-4c4c-9f46-f22a596ca8a0,26.033333333333335
dfa4537e-33e0-4b40-b815-fa9fcf8dc437,9.583333333333334
ec27d78b-1f85-4a28-87c3-d2da8661ee48,19.55
95b2f104-b4a3-458e-8078-45aa539d149c,21.9
9f7a675f-05fe-455b-ab11-15d7b62f3635,16.716666666666665
70df478b-8f9b-463c-afe0-d655d99f06da,17.15
d3f52863-f17e-41ee-bea3-4acae63bee58,0.35
d430576f-22a0-4a4e-84d0-e0622439d321,1.8833333333333333
45cd8f28-8fd2-4f81-b5d8-4032c17733aa,0.95
d1085799-69c9-45be-a7cc-7ac268991f3b,4.416666666666667
86e077e4-c1d7-42ba-af0f-16a8310f1d3f,0.11666666666666667
56a899c6-af86-45ad-8e94-a42909bff19e,16.983333333333334
05a6340e-8962-4be5-b795-8abdaae042f9,14.666666666666666
77f1b842-efba-4fef-8093-e3e8e61e2d5d,25.166666666666668
c59446cd-11dc-4177-8df4-3376ce780071,0.016666666666666666
aa42b152-5e14-406d-bdaa-1dcd4ecf3602,21.666666666666668
8c70caf8-843c-405b-a3aa-80b458705e11,10.066666666666666
e87bdd07-2cec-40a2-8870-d881ede6762e,2.6666666666666665
8371e6eb-3f9c-4b35-aaae-0a1e82824f8c,8.683333333333334
69107348-0150-48e6-ac33-520d713b948b,0.05
ee081fad-1322-4daf-98f1-9b435f7e01f5,0.05
ee320e5f-7995-4287-8b53-e36179521050,0.05
da91582b-ad1f-4bb0-99e1-f49b56f2ed6b,3.05
45d4bfe6-6773-44a3-98a0-ed32a24e7e26,12.066666666666666
536dcddf-4271-424a-b987-0ca97f57aa90,8.916666666666666
7de3226c-5359-4be2-8bb3-f71d78336754,4.733333333333333
c0d357ec-88bc-4ce7-9e98-183f3748a029,11.233333333333333
453bfa26-3848-479d-80fd-b6f7a681c454,14.35
0aeccc15-1413-4acd-97f6-ed9a12fbf778,1.7166666666666666
aeb8e074-8245-4b1f-9780-026f49d99fe7,11.266666666666667
3c7af724-a3c7-41d7-8763-dd44f00e0791,11.516666666666667
c5494189-d03b-4b46-8c55-99bb85700ceb,266.81666666666666
3e72a8cf-40d1-4434-bc67-6e0dbc30e834,5.233333333333333
af13a2cf-c0d4-4812-8766-a9a495986f90,27.066666666666666
c13ecf57-5b33-41bf-9739-9987366f9662,12.25
f0cc7d0c-6efc-4984-bc71-1731cc872a96,0.1
98446c25-d08b-4f01-91b9-b837a9ff759f,2.25
7d236891-0082-4d1f-b62d-9a94b39c4cd9,13.616666666666667
5783a0e3-ea26-4352-ba75-744e30fc9337,2.6
b5d3c38e-2c29-49d3-a848-375be2326183,6.166666666666667
33027488-cb1a-4603-be26-a80c75c7ee29,4.8
0287dfe0-44f9-49ed-88ca-8dae12306827,4.966666666666667
799f78a5-f87a-45ac-a6fe-574dca2a7971,0.08333333333333333
4974e032-6fa7-4900-98da-384b8bea025b,6.65
52a2bbcf-0774-481d-9c17-30845a4944bc,0.05
227b8ff1-67f1-4d5a-bd89-468df1903e10,15.316666666666666
37ebabc8-519a-4b95-878a-bc5c7883a0eb,23.566666666666666
852c0aea-1458-469d-8f9d-df7952e13db3,21.2
a10e5836-dcf5-4be0-81c4-0632d9af596b,9.25
31833f78-6fed-418a-a6e1-f0a43e895478,13.233333333333333
2f71de4a-7af0-46fd-b2a8-b17eb28af946,6.916666666666667
70804702-25dc-4750-8974-4183f1c86144,9.266666666666667
dd26d3dd-bd6d-49c0-a5cf-3a8b8d12cea0,11.033333333333333
21607a49-1a68-4f4b-b531-2a1c6dd23cb8,28.383333333333333
cb77b317-da9e-42e6-ac32-ab259563108e,16.116666666666667
8cd68015-6fa4-48c5-b02e-8a7a7242f0b5,8.1
1f9c44cf-52b0-4258-89c5-28d6bb415a5e,10.05
f03824f4-b797-4200-875a-cfb9c35ddd19,8.716666666666667
c3a1ca2f-b78b-4a60-ba39-d274105f4396,9.2
0fa28b45-39a6-45a8-8b30-8de59f80b2b6,0.05
611d291e-401d-41f6-9840-d72a52b1b702,9.55
69d81951-7c0c-43c6-9144-1d12abe80eb3,0.11666666666666667
6154c58d-7868-4fa9-8393-93b9d5cab5cc,1.3
628482d3-2435-4147-802c-2a8413f2ff74,11.066666666666666
97299b16-612e-40bc-8d9f-850c1cc1749c,14.383333333333333
1dbfa83b-2af4-4434-8d64-6736d6c438f5,28.066666666666666
dc21e0a6-8f41-46e8-abe6-893842c9333a,4.133333333333334
70eb15d5-ed80-421a-af6f-cca6942c57d1,6.566666666666666
634cf3f8-3417-437f-9d10-6ecfd5c8d4f3,9.216666666666667
3637c15d-adb6-43aa-9e17-a383de151ae8,26.216666666666665
71869690-b114-482d-9d7a-8b5f98d51ed8,32.083333333333336
bad864bd-10f6-4353-b896-1b039485cc21,8.416666666666666
20e812ae-cc0d-479f-b644-3f436e32b654,0.06666666666666667
245b366f-fd7e-456e-9171-80ec1b1485ad,8.833333333333334
3fac6eb1-e59b-4465-9c68-c92338088ab6,17.75
669fc8bb-77a1-47a6-9597-fd515129b349,0.06666666666666667
bd464268-d72f-4a2e-941a-0653cb803902,2.3333333333333335
a089f48c-382b-47a8-af17-92a79d12177f,15.466666666666667
dab03650-3f63-4a62-8cc5-b86c7c6d010f,5.95
d898a203-97b0-4861-84a1-cc5f95d9e82a,8.0
66a8a837-d994-4876-8e0c-c371d562105c,3.0833333333333335
db69a656-afd9-4be7-abd4-3f29db9060dd,14.35
1d663060-c574-4ef8-becb-b7c91921bfc2,13.016666666666667
1aa65595-1aef-4741-9566-7bb0dd0af445,2.3666666666666667
d9fe5ae4-a8b6-438d-9e67-7580954dade4,12.616666666666667
e6b4e725-5e94-49bb-8074-e2b148ab1c2a,4.95
ea15158f-1070-4142-9139-8ade0a13dd00,4.15
d3223f4a-fd92-4ec4-aa35-5ac83c0e15a2,12.15
11f71d73-66bc-4c90-8eba-bb66602f4e74,51.36666666666667
7664d809-c991-4dc3-86f5-866ebfd6f0f7,29.883333333333333
f67c143a-370c-42fb-9916-e234a11ea0eb,22.4
d09bf19b-6668-46aa-a8cc-d241744ba9b9,6.35
f0954ac4-0086-4a83-b01d-bcea4976e125,7.416666666666667
89725803-e22b-4a7e-9ee9-e9f491073166,4.133333333333334
9890ff0a-22ea-4289-bc70-2c7551530375,8.65
d6619077-9e35-41e5-a98b-778ef3c50a64,11.066666666666666
0df8b48e-1009-47da-a238-ed603fe47705,6.733333333333333
f48bb9d7-db28-4f07-95be-a4de02aabc4b,7.066666666666666
7fac01db-570c-4482-aefa-8a314c0dcb45,5.016666666666667
00d5e3ab-ae7e-4b03-8d17-1d499556251d,13.783333333333333
0f36e6ee-9e30-4281-884b-06fd2ad969f9,3.6666666666666665
7567ceb9-1975-4e78-982f-80d5f13d2874,9.516666666666667
557d7767-0e93-438f-a125-e8baa5361af6,8.616666666666667
9172e14d-5454-4e39-b8db-f191f5ca91e4,6.383333333333334
67c4cddc-d5ea-4366-9645-52dfd59ec513,5.983333333333333
161ea994-1ddc-4d48-a413-074d6fa066ed,3.55
2a8986cc-1628-4a77-a937-413d7faff80e,9.866666666666667
b1b1e654-4dfe-4130-bcbd-80549ddde7d5,6.8
e38b66ab-57a0-4a65-a0dd-f337170b7066,37.65
0339e83c-f86c-4f94-8b58-bf27cf6889df,3.966666666666667
ce8fb4cf-fda6-4a9d-9088-8a5636a68c29,17.55
c8509f02-45bb-470d-af45-5fece9a40973,2.783333333333333
a0fe5ac0-106f-498e-b12a-f4b68c701c14,1.4666666666666666
e59807c4-5acc-4e5d-ba80-e74277ff0e31,15.866666666666667
dfecb5f2-c4a6-477e-abe8-cc1ff85f49f0,9.283333333333333
b7594789-31e4-46de-876e-050b386baea9,6.116666666666666
18a6f608-8dc9-471e-ab83-3ea856b71a12,17.416666666666668
9278b5db-16ff-4e79-9dc5-355f16613831,0.03333333333333333
a0a6af52-068c-48fa-9e82-fab7bf2378d6,6.366666666666666
9be88b14-7e15-4d0a-bfa7-536cf87f680d,27.333333333333332
ad4c0b6c-884c-4559-a02e-65183a80450b,14.266666666666667
2a6d0072-8f4a-4a17-a6ef-d430686a3fa5,4.733333333333333
1162b956-5130-4e3e-b0d0-04786a91e283,2.033333333333333
a390f2e6-7cfa-4787-98fb-d35c5b4adbe8,0.05
3189f385-128a-4029-b5ed-1280fe76fbac,0.03333333333333333
713539e3-f1d7-4f80-bc6f-8f3a881cb867,7.883333333333334
1b22a16a-44df-43c9-9685-2b5aa5857f91,7.5
a6d54901-7e98-48a5-a739-860e2ffb5daf,4.383333333333334
44f03140-1eb1-49c8-8888-0f935a56d89b,5.233333333333333
a4219ccd-4f89-43f1-b215-a65a75da954e,5.783333333333333
e19e1f90-c605-4ce9-b9e3-3b0e4964f828,10.516666666666667
28124b20-a743-4049-a6a7-e1bdbc06a0e3,9.366666666666667
a75b0a82-f23a-4cc4-93d0-bd1c00e78b51,3.5
45e5ae62-55aa-4fe8-9e6a-d847b1c65cc1,5.333333333333333
a9cca18b-1e73-4477-8a98-cdde02298b8e,3.3
36cfbbb2-545f-4c34-a757-dcecfade7661,12.666666666666666
b8ad9411-b81d-4bd6-a061-dd883e035f5e,12.55
c7a044c0-3b41-447b-88f4-b7b91c9864e5,3.5833333333333335
39f635df-fcc8-4315-b157-8503694702ae,7.333333333333333
291674b3-663d-439c-b31f-81f3f0d7e87b,3.933333333333333
cce83b10-acf8-416b-9647-850af4257a7f,12.25
15580614-34c3-4844-a19f-c9dc78a949dc,2.55
07b6ce8d-7f11-4bc8-b514-8e5e8a6baf4d,1.2666666666666666
2d1ad8f2-4479-4d8a-8297-1919f2f3397e,2.933333333333333
0817c387-9e68-4f23-b9c7-c460ab9cc5fe,6.583333333333333
5f24ce27-9e30-4dad-8ef0-3b53844b6bc7,13.766666666666667
f67dd0ff-adf8-45c2-97bd-7dee011bfcb0,11.116666666666667
5404c332-2e6c-40e4-90ae-3a055fd130c8,6.95
be0601a9-02a5-4b15-8290-6c7a8673f2c6,13.183333333333334
d37e0f4e-084c-4272-be86-2bc9f0d2a290,46.0
a1670a12-24c6-49bf-af32-d02fdf086c21,5.833333333333333
3f42077f-0531-4cf5-93a5-660163813e5b,10.95
eaa18e61-f63f-4858-9f6b-a7cfb25352d9,8.666666666666666
35ec125a-1bf0-4c05-a6e4-259cf59076ca,57.81666666666667
f5989938-53c0-4a1e-855a-986f7c3efc55,5.133333333333334
22a26e6f-f069-4dd0-bffe-da8e88212b40,18.633333333333333
3787589d-0b44-40c9-b53e-09a616281d35,5.483333333333333
bd97701e-55ad-412f-a88b-62b420f92101,13.433333333333334
72dd2220-373c-4ea4-88ae-9d00fc48a732,8.15
f89b3bdc-0aaf-4708-9a4a-8bace0f23696,0.43333333333333335
e0d19a9d-6a15-4504-918f-cfc423544e05,9.3
79a3c30e-4a58-4b1f-94b8-afa6712af4c4,21.416666666666668
d8e42639-62d0-4cb7-ab16-bf59a5448064,4.95
44e49731-ca13-45aa-a56d-2e0dc0cdcb88,20.25
ec99a9cb-2c3b-452a-805e-41ab14af1ced,12.566666666666666
63e19dbf-402b-47c4-9da1-1f1df2422e09,8.833333333333334
4e86ac06-2dc9-4f1f-8fea-721209328433,10.2
fd3b6f36-8ebb-4307-a4da-250675281556,0.5
f24ace3a-b92a-486b-89c2-76a494cab30c,0.5
5c2d60be-bc6f-4370-b860-f7ae7650c941,5.45
95c88261-02e6-4896-baff-5fd98a819c1d,15.133333333333333
569bf336-aea0-4cf1-9d0b-6bae60c298a4,19.05
c2df6b0b-4eb7-4a55-849b-f5f76f8f13a6,1371.7666666666667
4eb3936f-f32d-41a0-b35e-ca0d85b88cb2,3.5
638c6818-896c-460d-b5ae-b51202c80b17,16.45
b9751147-2b37-402d-be35-7e3511be8f39,11.916666666666666
e900f1c6-7487-4623-813a-1ade9c443785,0.06666666666666667
3b1d9008-08d9-498a-9f3d-cd7d14239329,23.783333333333335
bb2e7d4a-2281-4a66-a5e6-36f6513537aa,4.333333333333333
d0b43166-6248-416b-88e0-42df4e92fa85,19.983333333333334
27565bc0-db3c-4669-a91c-b2a4e6616fff,14.883333333333333
56594c64-cdd6-4057-8f5c-4e3fcfb8591e,6.8
8c8e9041-5c26-4b8d-8a3c-523931daeec4,0.06666666666666667
79ecccde-1d93-499d-ac23-ae6251c57c92,0.2833333333333333
5a6403c1-478a-4c0d-aa4b-e51691c6b10e,22.6
8c8febe5-298b-42f9-9f6c-b3570a4aa297,9.116666666666667
41476da3-9a03-4d64-bcd5-6bb139dab5bb,2.066666666666667
c57f42f1-d3b5-4283-88b4-9b45db74aab3,8.35
7fb086f1-f297-4982-9bbf-ef0e46b8149f,22.25
e937d14e-56a8-4995-9e23-806f61227f49,7.033333333333333
9ab4885c-5d5e-4f95-a12a-6ab23063c6f0,0.16666666666666666
e754fe91-552a-45ee-a51b-e1a772cf190a,18.4
42666e8c-60f4-410b-a5fe-3d79b0806953,14.366666666666667
f5bdf5ea-11fa-4446-b802-8e7a45861256,17.383333333333333
17ee8286-6218-4c51-be73-bd55b3b4e2ad,22.65
b328a5d2-8c86-4627-84e7-e3a948263467,9.1
9b74e658-23ea-456b-962b-e2915b3afc20,34.31666666666667
c1514527-df7f-4af9-a03d-17f2e36e3218,15.65
a0a4d5e4-4a97-489e-aa14-899f154e934e,25.45
5afff28e-2842-4ff0-83a5-b6cc7f8cb08d,15.483333333333333
99d85bc8-164b-4da1-8f98-0cd66d9591f7,17.8
a923346a-4b72-4158-ab27-93c4c7c99715,10.0
f69a24b0-edcd-4878-864d-6d366a11064e,4.833333333333333
f1e972e0-a93c-478b-8d5c-71dcaa787a57,6.15
392d74df-ed3b-41e0-b671-d97b9bc54cd8,6.216666666666667
4a74e0c1-ac32-47cd-a9f1-e154414ef8ce,6.716666666666667
cf247961-e51b-4b99-83a3-54c080ca8252,3.8666666666666667
c557842f-760a-4536-ae37-8e10e71bc11f,10.55
848c9b1c-bafb-4c9d-a5aa-f050ac10f0b7,4.95
8aa1ca40-5a80-4af4-9e70-46d350d948b4,4.95
171e3955-2c84-4368-bf25-2e5e591da3f3,5.45
b029a51c-8e89-4fc7-9201-6f29f7a6b7e2,14.666666666666666
cba522a2-9b87-4529-b8b7-17b9313eee1d,7.85
6bb4b94d-eb42-4e36-8569-7de56a650a70,3.05
ce691f57-cc56-45bc-bc33-f505fa46402c,14.45
6b78f590-a14a-4fbb-a256-390ae31100c6,8.433333333333334
26de1e7c-745d-4210-8f96-1c1863434fec,6.75
4c5c110e-8628-4c6d-98a3-aefbf7857d95,177.25
6d5e8cdb-4588-4a05-8236-912e34532cb8,4.333333333333333
de849a88-f4fb-4335-8d4b-8d3f1c6ea242,10.816666666666666
21383334-2874-4a89-bd1b-4a71a8d9afb3,2.7666666666666666
eb1ed8b2-a989-4bba-859a-ff1568e6d8d6,0.05
f5511b93-069b-4165-ac37-b26e6ca84a59,35.833333333333336
317c5ce9-2c21-4f63-b6de-a6607b429c06,5.133333333333334
b30df0b8-03c8-4110-971b-ba3a42279efa,18.25
d2bd4260-f340-4f3f-bd89-347c7901a977,5.95
5fe8787e-aea3-4a16-948c-8668ddeeefda,10.383333333333333
3284b6f0-7633-433c-aedc-4a3b0b2abf01,3.966666666666667
84cb8a64-32b1-4401-8cb7-9d3eb6db20cd,17.233333333333334
bfb845e1-a94f-41eb-bdd5-36a49c4e0eb5,29.216666666666665
5ccfee92-0534-47ca-98ce-ba10d28b2709,10.05
3934523b-6127-4b29-87a1-e60755981529,11.7
4401434f-5ca7-4b64-823a-c785dc76e440,5.633333333333334
be68edf2-8ab5-4027-9012-5c60ecddaa92,15.933333333333334
f5f00a36-093b-4e7b-b06f-782e7ab90eb2,3.6666666666666665
e6c6c7e4-2e14-48f9-a9fa-d2909a47f90d,1.9666666666666666
67d6c162-dc7b-4918-b40f-90f9dd343d48,1.75
f84ffabc-e810-4c6d-a81c-03aabc60373c,6.933333333333334
d8f4a69b-d707-4ab3-91f4-95dfccebf4e1,11.633333333333333
3f462c31-4a1f-4d55-a752-8b62993b1aac,11.683333333333334
8865e856-e6a8-4047-91a8-6931b85d97f3,12.716666666666667
d3e6a7f1-a013-428d-a01d-8df1cd9b52e3,7.783333333333333
57421423-a6e4-4bfb-bbdb-4ccda3388338,23.366666666666667
6609975b-dfea-4f21-b509-a4985dae912f,8.2
20b2bc6a-72c8-4522-bb88-d623349cc1ed,21.883333333333333
0837a0ae-2b74-46eb-bd99-863efa9ef91a,6.1
ca269197-82e8-4495-af4c-e808480490f9,16.05
5d648c1a-aad5-4311-b637-fb018d382e1b,16.533333333333335
6dc44efb-39ad-4bbb-9ff2-af4c0509005b,7.55
2ad8c302-e919-4f5a-919a-1e55e8e325ff,32.333333333333336
8c42032a-c8b7-4327-a8a2-86c0d351fec7,10.416666666666666
71f353fe-31be-47db-8ef3-83c2624fbdde,3.566666666666667
7c62fc11-e069-43d4-a1f3-6e93e51f35fa,11.133333333333333
711aa8ab-5a71-4d1b-941d-9377128549bf,14.7
d845577f-5a0e-494d-8b74-9f17a4af9fe4,8.3
d8c477d3-bb1d-43e8-bf57-ca7bc16b9166,15.8
5db1f109-c4e7-43b4-9b43-17ae4c16e538,4.483333333333333
9324342a-60ba-45a7-8f95-3d8907b802e4,6.7
a3928236-e592-48b6-b577-10c68018130f,11.966666666666667
61afc3b9-f936-4587-8842-cb3ac614d838,9.166666666666666
8d68d8e8-5585-44fb-b0b9-5459375dec25,25.15
08c302bc-4a63-4f76-abbf-221c661d65ce,0.06666666666666667
37a582f2-3e70-4e0e-ad33-0fe62562ad40,0.06666666666666667
d61c9486-b128-4966-b9df-16d9733400b6,0.9166666666666666
5f1f36ca-ce84-43f1-9543-25857b77a28d,0.06666666666666667
49b21096-6b6a-4f2c-9619-116eb43722dc,0.05
ed0bb6c2-fdde-45db-8803-36f9648baa85,39.416666666666664
95561696-4492-4031-bd86-11556b959f62,4.15
78603636-c84e-4255-8ec5-f1b7b7ec57a4,4.916666666666667
e1ef3ed0-5ebf-402e-9c13-20c26e5f7d09,0.4
8a7ec771-0829-43db-bdf3-13dbf5274d28,7.15
592d260d-89f9-44dd-8e35-65c54c8c7820,6.2
5c8dc7f2-d99a-43df-8496-76a77ca704d0,13.3
30e3de9f-cea9-43cc-94eb-d98c815ab88a,9.716666666666667
a913000d-a539-44d2-9c91-846a5b819ed2,6.983333333333333
00454745-221a-419d-b6d5-15e69cecded8,7.45
8688b010-ada7-4111-a3da-db2a81828375,29.166666666666668
175e2520-8230-4517-963a-3252e51ed0f7,17.466666666666665
0af1768b-48ff-4df4-a17b-534b6a423cb6,6.916666666666667
56c73bed-5be4-4d57-89ec-a2659306157a,18.7
c5348ae2-8c20-4b61-9ffb-54e1b5fd7718,5.983333333333333
16754d76-dbe7-40e3-9e4e-09efe1a5f6ad,6.183333333333334
3308f0a6-8b2a-4307-b0fc-57f25f08fb10,0.35
e754ce3e-4570-4d83-8018-2d80a1c4463a,9.45
b9065820-e638-4474-90c4-f7928c9b46a3,23.45
bbe39027-b414-4eed-9635-7837700f2da8,47.8
018a8567-5341-4fd7-874e-28cddf6dc925,18.5
49b1a6f2-1484-4ee5-b121-8b16d516608a,625.3833333333333
aa9c3e75-fd46-4b0d-9d07-a8e49f00bd42,13.933333333333334
02f78212-373d-474e-bec2-2343a74c7291,9.833333333333334
78ca2e2b-b047-4bdf-aed8-998394c24f25,3.6
a3560b39-0f9d-442e-8456-21ad82c99952,15.55
1fbf7015-94a3-430b-80c3-59efe6e3f0f2,13.866666666666667
a35087e9-d379-468e-8430-c69c2ec084b6,9.816666666666666
2540abc2-a2ae-4232-a149-42bd99b26c00,17.383333333333333
daec9efd-1a95-4046-93a7-26224feff73a,25.1
0b68caea-47e1-40b7-a98e-35598d09098f,5.183333333333334
13de63d4-b26e-45c2-8b27-9a3d82eaf7d1,10.8
99c04e1a-2807-4b08-a6c0-daeeb4ddf4b2,6.166666666666667
d9999608-747a-45a2-8ec9-9c04d26b7858,7.783333333333333
e035c51d-b54e-4acd-a24b-58d2a5664cf8,0.03333333333333333
e1fa2b4d-4235-472d-814f-534cd5b3f19d,7.416666666666667
fe158583-a53e-4138-ad76-2658c5358c34,17.6
eaa6a37b-3ffd-4178-af22-fbb740747995,14.45
19209063-0ee3-4d96-aa55-e485f5ca2fe1,21.116666666666667
4978ab6d-6e15-4953-b713-21e2eb04ddda,13.366666666666667
db35b350-772b-4ff4-a73a-b648d49285c9,13.45
ed0b6c4f-0e74-4043-909f-db9f552dddfd,11.15
d2bc7822-2d77-422a-8da8-04a17fdb4b13,12.583333333333334
3760aa49-91b3-4626-8c89-9aceff033294,6.6
0445eb6c-0086-49af-840a-9c4eeda77c00,6.6
3db817d6-3580-4c3f-90ad-37f91af021a3,8.85
d69f8524-9778-468d-95e0-e84421eb2647,6.85
00b29902-e3ad-4f1b-a335-d5c9abbe3600,9.633333333333333
d1ac64a4-2f2d-44f2-a266-8101a45a3b07,10.8
ebd01d9b-8f05-46e6-b069-aac333e11fa3,5.666666666666667
22f548db-bce7-4709-8a3e-8083de8bbb85,2.1166666666666667
a20e942e-e175-45cd-8733-ca62deb793d6,9.85
c644fe46-3fe4-41e1-9cbd-78289acc2059,15.3
734014ec-bc41-4970-bf49-ed22a3aa15fe,18.65
04eb0606-b764-4466-87a0-27a5d7c42e20,6.566666666666666
27170000-40a6-4e19-9541-607d2e90283c,4.3
55eb4cd9-a95b-4e8f-9867-2ddda97c2f4a,2.5833333333333335
e6b01f1d-4602-4d3c-8b02-97c09f769777,35.483333333333334
755f157e-7501-4909-bad3-027e3af4586c,9.65
6a9ed4fb-ed50-4143-9b7b-43d22826be6d,2.2
667eb707-356c-4e00-a664-eb5eee33aee2,8.083333333333334
19e5c7fd-4ed5-4361-9734-6c3458fa45a3,5.2
5ed11225-05a6-4561-ab7b-86775af06a50,24.083333333333332
75b7a66a-6e71-4530-8997-4146c3f8c8dd,8.833333333333334
4d41c5e8-7797-4ed4-8078-aa767c6de34e,14.916666666666666
51a12369-bc4e-45fc-a576-cdff04257d0f,21.383333333333333
2846ffcd-4d10-4ec1-8a25-6d948024fbc9,14.9
f2c95c14-f05c-4ea5-9eaa-db0002493566,3.5
77c260f0-cbc1-47fa-925a-109af5f0170a,26.0
829408d8-9136-4745-a1b6-8b2bc9379a6f,17.183333333333334
de6e11ed-95d8-4f2d-8d2f-58d82ed04720,9.666666666666666
847b08f0-2666-4901-89fa-cfe5c621de3f,15.033333333333333
bb94ee3a-7e29-4368-9f8e-af19e734ee54,26.3
1b9b548c-932c-46d4-a732-dc00da4684fa,9.7
e8d89893-efd8-4a9f-bd81-f3644c470c85,13.933333333333334
b7d09bee-e65d-42a1-82fd-caa3cbb8bb63,19.216666666666665
5ff81f5d-2097-4d94-9c00-8d99713706cf,42.56666666666667
05348c7f-0fae-4b2d-98d9-fca97595062c,12.1
29e76c16-1de8-4b73-bf6b-ac6029ff0eb6,8.283333333333333
5ae63168-ba13-4d40-bf9d-fed8261829e5,3.3666666666666667
87b65dd4-d752-48f7-826a-a5e619b11416,19.0
0b4fac4e-8496-4b38-9165-3bd04a5c2ef8,31.7
2d1a1f44-788c-47b3-b1d1-f83963a4aa4e,10.166666666666666
2b8ba909-5dcd-4fcf-9e99-6f59f3e494b2,0.2
f0142de6-d8d3-444e-86da-5e2d9a601822,23.6
c1d964ee-213e-4099-9862-b8496e80b1e6,7.95
e227fba2-64bf-4d2b-8d51-f943aba647e5,6.466666666666667
3cc12a96-f188-4703-8dae-0c738bb3daf0,3.533333333333333
ff0aad40-e20d-4514-861e-8e2b808045b0,8.783333333333333
077104b8-36d5-4e3f-a941-fa9414929416,22.9
76f6546b-80a1-42ba-b0cb-de17144c4fdb,10.616666666666667
59c19293-4fbc-4520-b28e-ebdc2b5d81d1,10.766666666666667
6ac69120-4a9a-4a9a-b916-4ae3f0b9bfe8,4.483333333333333
d14b28bc-384b-46c6-ba0a-141efb19b065,4.166666666666667
9ca43db6-f002-4d61-95be-c2e652804358,10.066666666666666
3be62f73-82eb-4994-bd33-c7eddde1403a,6.1
c88ce2dd-910b-42be-8a9d-1c4cc5a8e41d,23.333333333333332
c16b7751-cd1d-4970-bb24-36da2a594388,6.516666666666667
a6fd7914-2c4c-4bfb-9fe2-60e9199f22b8,13.8
0d13955c-f666-4f7a-b0b8-b03d884452ab,21.583333333333332
119825d2-aeb0-4cc2-9333-c80b88c4c435,19.433333333333334
00676c7c-4f79-49b3-8c38-4f47e9645b01,6.0
16a120fe-dfa3-42d0-87ae-72afd47a1013,19.133333333333333
1e1b0371-4612-4586-be27-7628ff393ca9,4.25
6e2ef030-7875-4b77-820d-def2b2b17615,13.25
7c1194b8-63cf-491f-838d-2752096d9b8e,6.833333333333333
d14043af-159a-4ee3-8899-8663d4ab5c62,11.633333333333333
b4835792-4ebd-4b82-aade-d038b366888e,12.383333333333333
15286790-bc74-4ae8-bbc2-3956988e4eef,6.733333333333333
cbefa903-cc25-40c2-9b19-70de1eecf408,31.6
4f0bb1e1-e217-45ba-9267-f88126840a75,6.033333333333333
b88e1ea8-6ba1-41ef-aab5-929d3a0ede0b,5.933333333333334
a9c40650-fc61-42ca-a447-2038ea5d181e,1.5
22570913-84cf-4952-8ab6-fc382de799b4,23.783333333333335
d514f875-a496-4c60-9adc-7f95a9f8b60c,13.133333333333333
49ef9e1f-f971-47f6-acec-157f1c108e8d,3.45
723cd03c-771f-476c-9b85-7f4cafaea068,8.083333333333334
d930e628-c570-430d-bb63-02d6b43d3141,5.233333333333333
6f74faaa-8265-4766-91b0-9a9dc5924632,17.2
1db08634-205c-4495-a6b1-eb8bbe49b961,8.816666666666666
a48e804d-74c4-40d8-a8a8-3365c189f4e8,0.0
eef0ef6d-3ef7-447d-b5d1-9f791b830be2,0.5
144a089c-b519-4a08-b650-66daaefee555,170.23333333333332
ee704fbe-acb5-4003-993f-b4a39533aab7,4.983333333333333
63ffb1a7-b0e3-4d91-8522-81ef7fb27f2e,8.55
ddd57cd3-fb86-4a1a-b210-76446579869b,5.216666666666667
727090b2-d2d3-4526-ad62-f91560055be4,9.75
cfb5de67-977e-4d32-8ea8-0cb0982b8070,6.95
b02aa379-7d37-46e1-ade5-d4ccdd4b5f9f,21.45
b2cd1d76-d948-4cd5-9eb4-d768f775c32f,13.683333333333334
d4205926-4b2f-470f-b696-00de967807ab,6.983333333333333
7aad14f8-24b2-4057-a797-a646ced8c888,17.566666666666666
356ea2fa-e369-46f5-8d09-cef1f4459e7a,14.833333333333334
5b28760e-9006-4547-8ce7-c67cebb34fbd,2.85
b2778a4e-10a4-428e-a7c4-fabd90c0fb8c,4.2
6f74cc40-d5d0-4a4d-87c7-d1bff2443efd,14.566666666666666
7e2a0cdd-5954-43b7-9f43-d55da22a72e9,7.766666666666667
bfa5b8ea-3248-44c5-8102-d95c36e38621,11.5
9a2a8acb-c3de-4c20-b7dc-6da2cab83831,22.05
534fd7da-1455-413c-a9bd-7419c45ac390,5.283333333333333
fe7eb8f0-d2f9-4df0-b47f-cea47d7833ee,6.483333333333333
f871d1e6-ebac-41f3-8525-af754b54393f,26.85
fabfe1c4-950a-41fe-8e62-9c8f72a9ecfa,18.516666666666666
97ad5211-9682-488f-b032-f8ae00d53e95,14.916666666666666
7cb537e2-5fb4-4451-8e07-392c6c895398,18.5
9d92cfc9-daf8-4682-a90b-d2edb3fae458,12.983333333333333
f7a776b0-039b-4fbb-b2b7-5fb88021a248,1.8666666666666667
acf01de7-7385-4f56-84f2-cdd6e7a42c7b,2.6666666666666665
4de21686-b398-4400-b4a1-71c048018902,7.85
ce253095-0b33-4b3d-a793-e4b67642588f,16.416666666666668
0d2c8cc7-7b6c-4896-8a6f-60f457d173e9,9.2
74c0ac48-234a-463c-8f25-cf723933522f,9.833333333333334
6dcb29c5-e582-4df3-9dfe-7dd962c9067f,3.2
218411c3-50fc-4ce6-8183-b8937b9fba3d,6.016666666666667
11a58665-8686-4ed3-b489-73ca990dcab1,3.3
4b35fa17-80ad-4b81-bbb7-785cb6ea421e,29.033333333333335
32179ef1-7ca5-4ba5-af13-f1cc01cef86d,2.566666666666667
d5935c7f-aa83-45fc-a200-b7ff68d94a33,2.45
c0749551-5962-41fc-8912-e00c70689960,23.85
0df0ba73-e069-4aa9-8068-3e26aa648789,2.8666666666666667
728f6829-e6c2-435f-94b4-7bf4c92873b2,7.6
fd4f44db-0195-4a0c-a2b3-a5152e64bf00,5.75
76758b2d-bb8d-4bde-83fb-a972870af3f3,26.183333333333334
9393248b-993b-48c1-b519-e1dc3f465f58,21.733333333333334
60d99976-e07d-4bb4-bc5d-dbc369bb17d3,16.433333333333334
3844fa19-a88f-47fa-b656-f9546e77c9b0,6.25
fcdbd146-3ef2-4b25-a77a-b5d76835f3ec,0.05
27fb164c-2fc8-49a5-85a9-edc84071992f,26.933333333333334
818a173a-b70b-4c02-810c-4bba55fb9c19,10.116666666666667
49ea71e1-42a3-4c69-ae62-832a95470eca,10.583333333333334
4a8a9da1-18cd-4609-9772-fe99504fce8a,23.566666666666666
932d991e-5d71-4cc5-916f-98700a4924e6,8.166666666666666
c9ed9cff-4c27-46f9-9e5c-3bff89441968,6.5
c2ae71ff-96da-4a16-a440-1e7e0020b676,9.0
39df6669-8581-4c5c-b9d4-e252137bce68,7.516666666666667
d956b097-c29f-40c9-bbe6-d0767f1b3a54,10.416666666666666
2e7f0e55-7981-4b74-85db-3adfb90b20fb,4.8
d9a6444f-2934-4694-99d6-62775a9c8759,21.716666666666665
de24d9ec-6def-42ef-aee5-b3a1d07bb359,10.45
538cc333-5957-4cb0-96ca-4d91d201389e,12.416666666666666
c6349989-59a5-404b-93c2-3ecb34fa744f,16.916666666666668
3bc37cc7-c8a8-410c-8cde-4ff5b46ee1ce,6.15
259e44cf-a43a-4841-9976-8ba9fd05ba20,14.883333333333333
d7145ebe-602e-4cc6-af6c-2068a1076e6a,12.883333333333333
b8101a4c-65b4-45b6-8cd8-2e061cc60c8c,4.433333333333334
d9647536-bf6f-4a1b-a71c-07100f160494,9.15
4f416e9e-1dd0-4c67-85bf-d493892aa775,12.383333333333333
d7199195-59df-4540-b30b-82b965a6da2f,5.916666666666667
b4f5537a-23f5-414f-84c4-2dcd7373d03b,0.21666666666666667
1fc83cb3-566d-4551-80cd-8c2f23600f06,6.516666666666667
bda68139-84cc-4640-aea3-c9fb26bb3047,9.95
8eeddbcd-dbc2-494d-af8f-727b829b8fa4,6.683333333333334
5f3756c2-c6d5-456a-913e-537f49ceb61c,16.65
f46e51bc-42aa-4524-9a5a-73df68d48022,0.31666666666666665
50f4db5b-c467-41f6-8a49-828610ef2874,7.8
9bcc3fa8-99f4-45dd-b369-33b5f6624ba1,10.933333333333334
d32adaca-b1af-4534-9502-c051630a9d8a,15.616666666666667
a1562df5-59b8-47ea-87f8-bc34b8ed3693,10.15
c1b9c35b-b0e8-46bb-be8c-452b7c5f1109,15.666666666666666
53479613-323c-4fa8-83f4-0ce7006f4445,27.4
04591718-e76c-46bc-9496-da60480fd350,12.25
fa3df125-759a-448a-9942-324bb53eda3c,17.733333333333334
b82df186-d982-4928-8fda-ca6dfdb0682b,25.25
d6f1cee9-f9ad-47d4-bb5b-092cd278b0c8,6.216666666666667
386bf813-276e-4817-8b30-73a698e08e4a,12.966666666666667
7e990a65-2d05-4267-a1e2-e1574ce1396b,3.65
c335bbbe-5e54-4156-9cef-a1dcae4576f0,15.666666666666666
0f13012c-ffad-4658-a06c-ad9d4fcef9c8,10.933333333333334
a3ac9a25-2122-48be-9df7-51116e78b49e,3.533333333333333
942d03d1-4296-4d97-afa7-c710c84392ef,4.25
2aad47d0-33fc-4697-92ae-b18dd4b92008,10.916666666666666
3b0f062e-0282-4d51-9e66-4311bf5b4751,3.4166666666666665
403426d4-11d7-4a68-a84b-a57bc4395207,12.4
757fe721-2960-4905-94a5-8fb157d58c1d,17.5
b64f838b-6415-4a41-a6a2-ac5ed9dd62b6,0.03333333333333333
ae0a0e94-4d96-4db4-be87-6d95c114ea22,3.8
d234075a-49d1-4042-abc4-550cce12aee3,8.75
42377842-1fb9-43a7-8c99-a76e3e932a9a,24.716666666666665
a2cafcfe-cbc7-4447-8fb9-62e61ac5cbc9,28.133333333333333
8fa8e48e-b77e-4971-ab1c-d48ecfd2f289,12.583333333333334
72ca487e-337b-4f8f-a8f3-8857c3a937fd,4.966666666666667
dec705dc-d24a-4914-a3d4-0ad9bfd5e489,10.5
9936086e-b1c1-4143-ad63-bd163d7f9604,26.566666666666666
98b437ef-0d03-4824-8b38-8e920aee382a,9.7
ec685fc0-48e9-433d-89c4-e28d73b75bdf,13.95
cb00ee33-70a3-490f-a0d9-6cd089fcf241,8.183333333333334
44adbf8b-6243-4528-b424-e5f02b220c74,3.1166666666666667
c0ad2198-2ec1-4df1-a722-5e37d3254fee,5.183333333333334
69a34be7-c1f2-4510-b959-a4cc4a78a5b6,4.116666666666666
3e160c0f-fe21-40a7-ab4c-62e61d0345d9,22.966666666666665
841f2463-a361-4f80-b8fb-2781e74e461b,12.8
8bacdb61-61f8-4281-80cb-eee757a0e848,12.9
7c56a4d1-a599-42b1-86f9-7c5d614244a9,6.4
f66795fa-79cd-4830-b66b-eece20b99dcf,10.133333333333333
283af362-9e9a-4b1f-9701-8b4677f22fdb,0.03333333333333333
017a3fc4-2aa4-4f9a-9b92-98632cd84f81,33.8
b9bb5520-08c9-44b0-93b8-9e722200df21,11.816666666666666
768c28a2-ff78-4d98-846b-51d59e4c5eac,20.333333333333332
c049ee60-a44a-42cb-b808-995380b6b40f,12.683333333333334
f7bfc9a8-0c48-40a1-8373-9c85299ca32c,10.983333333333333
91308510-d42a-4344-8ff6-e0100b1ce1ab,11.6
a907fd29-5c72-4334-85c0-801e276e3bfe,0.38333333333333336
0d78b590-1b77-4b0b-a04a-80c8b19e824a,4.35
90358e3d-be15-4835-afe8-e1510cf408c3,5.5
19678312-9429-4a30-b1d6-c3b60fb2644f,31.833333333333332
49d886f4-877a-4108-bbc6-c345087e5e0b,5.816666666666666
c78a1bb7-ede4-48db-bd77-75311a1061c7,8.266666666666667
4b9884b9-da08-4d6a-a9f4-ffe5526cfa51,7.733333333333333
b77da15a-0e55-47c9-8d62-fd0d7f7762c3,0.11666666666666667
73a4cf26-55c5-4c60-b757-423dc52eb989,7.35
b6fee7b0-5338-49d6-bfcf-bd71ffe34a7f,12.433333333333334
bacfe37b-b36e-469b-9e88-9c4d9963c99d,13.983333333333333
ceb8d630-ab2f-4e5d-b3cc-855de1f65d1a,27.616666666666667
b0927429-4419-4e1b-a9f1-6025d8074a6e,40.266666666666666
0c59aadd-2c67-4fdf-8ae6-66478f696f77,2.316666666666667
6d7c0a53-89b2-45f4-9fd9-3fce75052a8d,11.383333333333333
26c90a80-9473-43c7-90fc-ac4ebd7081cb,35.43333333333333
016c22e2-9c67-4d40-83e5-5945f0f4e6f5,0.03333333333333333
6fb2cb66-99bf-4021-bb54-21da57b75821,10.85
03ba6fa6-9e7b-49fd-a587-c5e923fff4d7,10.433333333333334
b98a63f1-3d68-485f-be7d-122554c34a14,4.716666666666667
f3778b38-7871-44ea-9ca4-696b40e6ae1b,26.9
acedd212-7839-4a9a-9701-d97bc63381af,17.866666666666667
7cec9c8f-60c5-4505-834f-9c428ca135da,21.3
77310f9f-ee82-4a33-8c44-fd18dc2228fe,24.05
2a79e62a-50e2-4a58-83df-360aa490b334,9.0
275ff554-9b67-4027-9651-57e2bbced3f8,4.7
d8f12c1c-88b2-44e1-9622-2c1cb872dc71,27.35
26cb74ea-64e9-4377-a193-2512e58ba37f,17.05
77e154f8-7e77-4543-9b32-fe44931adcad,16.983333333333334
846f16c8-dd69-4c24-a5b7-ecd2547e23bf,4.8
c6f8c236-b63b-4029-9256-ffbf9d27dd39,5.883333333333334
56146369-23c6-4506-b9c0-c37188eff4cf,13.416666666666666
afdf2263-b945-4a80-a93d-359948f4ddd6,10.733333333333333
6d025675-e425-46b5-bde6-bb69dfbb19ca,3.7
d9a82f54-7bae-4930-974a-c96a3bef49b8,11.566666666666666
10f57452-8c8b-4d94-b541-fe91283f5c9d,17.533333333333335
1d482d3f-39ca-4a65-b95b-40b3f53712dc,32.666666666666664
81b01089-27c6-49ac-9db5-0907124e4532,6.5
b58b8133-9654-4e77-8d63-d341db077744,15.866666666666667
3d3c8ee2-7d2c-4231-93c9-e284285ded89,6.233333333333333
16c81616-76a8-4b7b-925d-4e847f8d2378,12.583333333333334
0244402c-902a-4659-8714-ca2476b36384,0.06666666666666667
7f8126c0-2a15-4cd2-b85a-e0e0b925ef3a,8.65
5c98ec20-2830-4b26-9092-321076c39afe,23.516666666666666
51782150-8c5f-46eb-8c7d-0892015e9965,6.85
6f0a7c23-a546-4a8d-83fd-d8a2e183f293,9.416666666666666
e0b8b83e-b548-4f14-bb24-d0f7259377e5,7.433333333333334
9b35c93a-5401-4bc8-9911-bfabdab1eeb7,14.116666666666667
417509b8-3117-4974-9246-c0b40939f560,2.9166666666666665
eb7e487b-6511-498c-b482-26536f51bcdf,6.766666666666667
e57cdfe8-880f-4d31-a08a-bf49daf37bf5,5.383333333333334
c0091fa2-5bc8-446d-8fe4-0fd12113d0a5,10.05
f678474d-c9f9-4cd3-8479-04885d63a59d,8.683333333333334
b8f7ff43-58c1-48bb-8da5-c16502f6e1db,16.633333333333333
455d67da-218e-442d-bced-be256034f352,42.55
e8e9b6e5-764a-4117-80ae-0139ff2c0a61,16.516666666666666
a79a5264-67ff-4d84-bb49-1ebc830f0223,0.03333333333333333
89a2e59a-c76c-43a4-87cc-35f7902efa7e,16.1
f4e1572e-2fca-4525-84d3-1ad16c18a7f4,3.45
7f42c511-6789-4a7f-b8dc-148a86805ed6,7.383333333333334
d64bc337-1820-49a3-b1ff-814c5f00166d,15.883333333333333
ad4ec95f-82dd-4c68-9498-63c7d0be3ba4,22.15
f9eb45d4-b1c6-416f-91cb-30203a758460,5.15
d6ce973a-dda9-4265-8fb0-97db3ad2077a,10.683333333333334
6ac7d690-b026-4d38-9384-fb07b2600f53,13.683333333333334
ac6290f9-debc-4535-b999-0e62d87cdede,25.1
77e2c45e-8ab2-473a-9409-213fb3fc775e,11.133333333333333
76f6d05c-9908-44aa-ad02-c1a3728460a7,31.3
bb0aa9d6-48ba-44c6-8bbc-33a7f972c372,8.45
3d26cda4-1bb0-4e24-9cca-321d5efc0de3,6.15
078c91a3-60f4-4541-832b-203cd26a20c5,8.4
dc02686c-4e59-40d9-bf05-a3ea06251e63,4.8
7ad8ab12-9826-475c-8541-0dba0a864cfd,9.15
32dc6c55-c9ac-431f-a0a9-d4bec01f64a0,13.766666666666667
fc311872-f37b-4f8e-8d58-122996e09154,3.2333333333333334
1868c875-8555-49eb-adb2-eb910ab96265,13.933333333333334
5cc77576-55da-4610-a30a-3c1d89fce8e6,17.366666666666667
370ff216-dc02-4777-ba51-cbce659dc517,11.716666666666667
2511c652-5fce-4019-9585-e35e9a022848,9.616666666666667
1dd14a76-e40d-446c-b699-1b0928039b8e,44.416666666666664
a6d81b59-d618-47e5-bd68-f311529fcd0b,15.033333333333333
f34e2a7e-cb7a-43d4-8367-73c44ae9e79e,16.4
8ef8888e-5846-49ee-beae-48addc42ee3a,12.666666666666666
9cdad091-a8a9-444a-98c7-96d1e19e2be2,0.18333333333333332
91588071-7b45-4679-b126-f54a0d5111ce,15.516666666666667
83f3c636-86b8-4b1d-9a1c-dc08da88a71f,15.483333333333333
43564b5c-6fee-4183-b054-e36f8c3e94dd,7.0
fbf508a7-e600-4ed1-aaaa-71a471b38b24,15.25
3d23af4e-37db-414f-8c6b-21c897ecc94f,21.883333333333333
7e3dd4cd-eeb9-4737-b5c1-23657668ca8d,20.55
32c976f6-6df3-420b-b736-a614d5603a0b,6.916666666666667
5c294907-7334-4b90-af0a-4b4404fb2219,16.95
4131c5a2-d0d8-4a03-b561-6c7280021c3a,12.15
c839ba7c-a580-487d-90ea-3555aeeb856c,23.016666666666666
50f52938-4e8a-4f37-a837-73bc6ea97bc4,11.383333333333333
393d8af3-d482-46a7-98e4-145b102d09a9,15.95
16c654d9-2b89-4fd7-b890-0b4c63ca6e07,14.683333333333334
69f63f06-6b38-44e5-b0e7-605332ff3e6e,16.75
4610359c-a2f0-439b-b4ac-e69fd6831169,9.483333333333333
ee85814c-5185-4fe6-9eb5-d1185bb101f0,5.016666666666667
52e8e1cd-b80f-43a1-8448-8ae5eed37d73,14.75
2da5a802-c0f3-48aa-8e21-4cba7aeda2eb,37.0
15fe17d3-6743-46d4-a7ba-b46cff0c484c,12.833333333333334
c785f570-3823-4b95-a5cd-320f37ba9a7f,7.25
7516a9a3-7bc2-4751-9792-aac462aa4753,3.3333333333333335
b99267a0-eecf-47e1-b85c-ce49dda5002c,9.716666666666667
5a1957d3-8ab1-44e4-b95e-2527efc20256,10.6
de0b657f-e140-4b6e-af08-b748b68b2dcc,6.183333333333334
2375666c-897b-44b3-83d8-0c8c7db07063,31.866666666666667
f8c3efb0-b052-4501-96d5-99c46afc4b73,16.85
ada5e86d-a749-4f73-b619-0f059d60cf03,7.416666666666667
4aba807b-dde3-4a95-a852-6ea9c919dc97,10.85
48c5f926-869a-4612-bc17-167c14d19c3f,8.95
b1409b04-c2e1-4b4e-b780-ec53458d43a2,6.083333333333333
b6971501-cf27-4369-87b4-a77656cdbbd6,11.666666666666666
7dfa361e-bae2-4724-a972-1e4b013ef412,4.583333333333333
fde971b9-a7d6-48d8-b508-efdf390ebeeb,9.033333333333333
8778f20e-cf3d-407a-974f-0387d393dcf2,21.716666666666665
6da64b1b-cafb-4e50-92df-b0abc197c665,16.883333333333333
70cfad03-d28b-4b9d-b964-8bc7f5991372,11.916666666666666
83774286-33f0-4793-9bab-1de3699ab939,16.1
f60a9aaa-77e3-4ab9-b2b7-caac319ec6f2,17.533333333333335
c87c82a5-5501-43cd-922b-1437aaad60eb,11.466666666666667
2f46aeb6-0cd7-4f41-b59b-66a85b6e3e5e,3.316666666666667
0bc07d49-f2e4-440c-9966-1cf23ac3776d,8.65
cb251cfc-463e-4e17-9206-26577dff31ec,6.05
7bef88d2-6a75-4439-a867-7b9cb0cde2e3,8.333333333333334
6ae78ac4-21b7-4f33-a3bb-58028b96aa11,11.083333333333334
37ac54c5-cda4-44fd-8445-16e82bd15278,23.433333333333334
60184719-748f-4680-b75e-84c27215e65c,12.05
c27f3817-657f-45d7-84aa-4f8b1f665ca4,6.266666666666667
c004c3d0-99b9-4e64-9932-ec8b2675af9a,10.2
1478ecdf-46e5-4a5d-9b7d-cdadfc77f6db,13.566666666666666
1dba7b62-f169-49c6-8894-93180be80c4b,6.733333333333333
53bb03f9-5194-48c0-a70f-26c8a81631b6,21.683333333333334
481d46b9-1988-4d75-a2ed-43a429c6087f,13.6
d741a482-02ce-473b-a679-e13f47a76c4c,4.166666666666667
accacfef-4669-4067-96a0-bf71db66c1cf,2.8333333333333335
0dfb4e01-ea47-4651-88ec-c1d97f5e2ab2,16.566666666666666
ed382004-d244-4c26-8abd-77d235de99a6,8.0
a4852dde-b0de-42eb-80e1-1b38c173c0d9,11.483333333333333
0cd5e4d6-ebae-404e-851e-82f3daa45efa,3.8833333333333333
cdfedfce-015c-49dd-b128-35f71fca6820,8.3
bb9e5532-62fc-49be-9afd-27116e376b6f,10.666666666666666
cbb8cfec-2253-4e46-8e5d-5e7859f47114,28.116666666666667
173eac82-635a-4e00-a8e0-a2ae6a257818,8.65
5700987d-2cb8-4b4a-91e7-955d010c1543,4.333333333333333
a94cf3b8-d8d5-47e0-8933-23da121b7506,5.5
638775a8-decf-4f51-bb6a-11f84beaa89f,17.2
642b5fa7-299a-4781-ad28-d88c62d845f7,4.4
0c32cdf9-bd79-4058-828b-8973ca546258,12.933333333333334
433375f8-0508-4bba-b6bf-7b3d844dbd1e,25.666666666666668
97ac2780-26f3-4e14-ab71-11ebc0ca7d85,5.6
988dda0e-0f78-4a57-8150-22101dd52f48,0.13333333333333333
f9e6a1ac-37da-432f-a208-5862dd6bbdbb,37.083333333333336
91ddee5f-0e87-417d-bcac-b667b093855a,6.583333333333333
43a22365-96ca-43c1-91a6-58f05aae5476,13.65
f780aa94-8d2c-48ab-8a1a-8676197ed464,6.866666666666666
eda34f50-2f58-4c02-bb4e-427e59ee462e,11.45
7381bdea-73e9-492a-a938-8ba17d473b3d,14.433333333333334
51831751-53b6-4eeb-9daf-887bea6e16b2,0.05
8013dfc3-2c54-48c5-a86e-b563fff62f1c,15.833333333333334
6207e4fa-78f5-4801-94b0-154259f0ee31,4.866666666666666
20083add-ba54-4698-850a-65d073497aba,20.183333333333334
eb46c7ed-3e82-4323-b2eb-3a913eb121ba,16.683333333333334
18133174-8954-4ab8-acdc-062064d666ae,32.78333333333333
63efdb97-877f-4889-9e23-eb6877e2ef68,3.6
7ca48d03-904d-455b-a840-49314e466700,13.766666666666667
317e9c80-072c-4909-b063-ecd1d14f51e8,2.0166666666666666
b8b8cd2d-7f37-4f22-bd34-6f12bcb7ef0c,6.866666666666666
f59b52a0-f012-4db8-bb85-1caea2474860,5.35
9dd09e37-9b9b-4fc6-9669-086f5f58519e,3.683333333333333
9354df96-50e4-4e25-b755-8b7815f161fa,4.383333333333334
5c850d19-f648-4c43-853e-856a7423b5d3,11.166666666666666
08140bdd-2c89-4351-8cbc-170fc5ff1df4,12.3
92712b12-83e9-418c-bfe8-9ddb8a8ed52d,3.15
fbabb0af-374d-4ddc-8d3b-ea27cdbd6f0f,0.06666666666666667
9972b1d9-1305-4506-a1d8-2cd5a2518ee1,9.933333333333334
8effe23e-c653-4684-86b3-1d556dd24097,0.016666666666666666
c9f6864a-ca47-48ea-bdc8-d94481272f2e,16.633333333333333
f32061b7-f0d2-4317-bc02-eda325fc3192,0.03333333333333333
d5909313-cc44-41b9-9565-77838c3b8154,27.95
ee671439-39cf-4ed6-9231-e307f560fbb2,8.133333333333333
2a341c25-619a-4e35-887f-e8e7ac8ede16,7.766666666666667
960c9526-7ab5-4fd8-a9f1-aecc636a2fcf,25.133333333333333
5611a84b-49c4-4ecc-b2c8-9d8105d382b6,15.95
a154ce38-ac49-449a-8c24-32755b10a741,8.0
d92804a5-4845-4d3a-87ec-533067dd5c95,13.716666666666667
8bac6bfa-8834-4605-88e9-ba4279a14e9d,14.933333333333334
fe6423b2-c341-4e21-bc1c-17719f438549,6.333333333333333
8868f0c9-817e-4ed1-b281-0601d8b876fc,9.5
5b7e9529-b3e1-4a7d-a36f-525c1aad228a,14.9
a27ed7f9-8c9d-4a70-b857-c51609d9e1ec,2.533333333333333
b0edf10a-5daf-41bd-b24d-4326762caf5f,20.1
d224fcbb-bc4a-4a53-9f47-a89e4795968b,10.6
ab8beee1-fab1-404e-8ccc-5855ef8ec0ca,13.933333333333334
d377a56b-a93f-4fed-92cd-0f01794771df,7.85
13f17c6a-7230-48c3-839e-253d16a0f445,0.08333333333333333
b656924b-91ff-4dbd-a17a-3d66584dd622,18.166666666666668
904de809-ba01-498b-9e96-b646c0527004,4.816666666666666
81c07f2e-9896-4257-b994-9cab3723b33a,3.783333333333333
f73cf224-c870-489b-8d84-9875fd28bd57,8.666666666666666
9bb79c92-f88b-4c3b-aeda-1d8ca1905443,4.783333333333333
981caa4d-b78e-4eb8-b02e-4fe4e19c7766,10.216666666666667
bf87d78b-2b11-45c1-a92e-b0b329e8f351,7.65
3c5bd49d-e88d-415c-b864-69ef1ec1573d,4.783333333333333
4a55870e-1d39-4177-9e0b-c1487a75f9e0,7.416666666666667
93b3b944-2ef9-4fe1-a64a-8dd8022ec099,4.233333333333333
4950f751-34e1-457f-90b9-095dfaca8c05,19.866666666666667
265e71e8-a528-4e28-91e0-9cdb103df22b,10.433333333333334
8c6f8ae9-80a2-443e-8159-8a0f9d4e6d41,3.6166666666666667
48376c88-99c1-4bf6-bdc5-6e058c5998c8,17.516666666666666
2038b3ed-63ea-4595-b00e-3edb76a83f82,41.2
6540317b-9ea2-4f66-8eef-9f9476fafd06,1171.8666666666666
33e02e34-289d-4a50-ae26-14f21c08cfc1,18.333333333333332
fb9d13f2-6f38-474d-b7ce-3b92f87a25c3,21.916666666666668
511aedc7-6d65-4277-bec6-3fa319786e88,9.3
5d36ddc0-7637-447d-8b55-186ed19795f6,10.0
41ce0aa8-7530-45e6-b348-fdce2e863bb0,3.6
603f5a0c-2302-43f4-bdad-cbf558975677,12.966666666666667
294ae2d5-3c9f-421f-bc3f-cb69747839f3,4.083333333333333
48b6e2e4-c849-45d4-b77f-22fbad5a9a75,0.05
56d01ffa-e0ff-4f16-a3e4-0c9c6fe0106c,50.3
dd865f57-1fba-4212-adb4-880c3b624754,9.583333333333334
3c2b6c48-e3d8-4c69-bd0d-067f58f2ad07,11.066666666666666
0b85d3fd-5db8-42d0-9907-0322b6ff64c7,8.15
d14bcb53-a9db-4ae6-b885-9e4171105400,15.966666666666667
564ffee9-0611-421a-aca2-086c249f5a80,9.95
e08a871e-5e40-4e80-8e75-e9d75bba8055,14.983333333333333
ac57a300-bbe9-4b78-b969-ba62670ae3fd,2.7666666666666666
1bba4b05-e295-4227-a86a-e988d46ea5b4,10.516666666666667
9736a80f-694f-4475-b9b6-bf220a2a59f7,17.916666666666668
34f7d39f-cca8-40dc-9503-3b716dec7865,3.1333333333333333
4390d025-ede8-46cb-a455-848347236587,9.566666666666666
826eec4a-ba4a-48eb-a9f6-292a667051d4,5.833333333333333
2267013f-b5bd-403f-8b64-41bd431aa4bc,7.783333333333333
cdb5f8fe-a19d-4f30-b653-c670eba5db1e,8.866666666666667
8f893a10-e4fd-407e-ac2b-68c90ca3b287,17.35
157c31f6-43ec-46af-a6ad-9c707dca6995,6.566666666666666
ce6d24f0-2925-4f44-b32b-0d3e9be9347d,36.21666666666667
a4bcbc20-5cfe-44f4-89ad-95b161bee1fd,11.733333333333333
21431fa3-c94b-4ff2-ac6c-94d09b6f9599,5.0
6d364af6-7d45-46c2-b570-7ebedefea51b,10.566666666666666
ce3c14d7-9e14-4031-b567-b45bb56f350f,8.8
51ae874c-cdb1-478d-93c6-8cf7d9723fd2,15.45
b13aef4d-1c30-4384-a942-d0a2f19fee1d,11.216666666666667
08239ba3-8161-4e71-8d35-a0a4687cdb5b,6.15
29cf6728-5144-471e-a211-fa30e6c10bcd,12.2
c6f1ed69-10ee-4dc7-bd13-274d9a15daa7,4.116666666666666
fd352700-7ccb-4004-82cc-220944d0a489,10.833333333333334
8173a6d1-43fc-43ab-84fc-46f4ae8b8c7b,14.5
15e1709f-2347-47d1-8d49-b559e5fa2f11,19.166666666666668
5a12b197-3243-4591-a000-d04a9511e198,16.216666666666665
a674aa6d-1a81-4ce9-9fb6-7ac7d9e7cd51,7.933333333333334
f4f471e4-5861-4ae8-995c-c3a4e968301d,3.933333333333333
3aba85b3-9342-4377-8ec2-6d6dd1df5d83,12.216666666666667
5f7347a0-171f-4d50-9e53-8fb7690a676b,11.383333333333333
2541865f-fae7-4aa6-b438-949a210b66be,24.866666666666667
adf337db-b161-484f-8a54-5308a5949a97,7.833333333333333
0f3ecf97-80d8-46a9-bf5f-c432b143c95f,34.61666666666667
fcb2fdd8-95c9-4a2a-bef7-e6fd111ee418,26.833333333333332
727af230-e226-4d40-bf6d-091be320ffa1,3.933333333333333
0ed0b77c-4541-440b-9386-4115c4230add,8.85
298c87ab-9cc7-4b15-93e1-6090a85fb255,9.416666666666666
fc9c9911-ae9a-41c8-b0cd-b248c312b148,11.616666666666667
a6d97447-30b3-4517-92c0-04be87df31e3,7.816666666666666
c0bc61f1-d8ef-47cd-8fb3-9cfd3b5b522a,15.75
a5b11880-0e2a-4d56-8dfb-5f2bd9797f5d,15.966666666666667
ee4dcfdf-a1b1-4fdc-aebb-47bc2d9cd485,7.6
dccab8ed-437c-460d-a71c-17dcb6754d69,27.933333333333334
2fc94d4d-ec35-49c2-a936-a6a8a58ae626,3.8
ac77cf59-fb0b-4d55-8ef4-22ed6ce43f2a,11.566666666666666
cfe62a16-4d4f-4eb7-ba41-790bc9b50ffa,3.283333333333333
492cc193-40ed-4158-92cc-d961c44dcd51,3.3
b15364cc-2129-40d3-bce7-c74a15c655a2,10.266666666666667
62cbceb1-98de-4062-a8df-282c19f5bd89,26.1
9cc436e4-093e-4679-8163-195e894aadf9,15.666666666666666
6e64ba8e-e53d-4612-a847-0a4edaa17bd4,7.666666666666667
6327b23c-6919-4863-8b19-d1129b96b7f0,14.083333333333334
e31a8a34-b343-4b0a-a95e-7a95145a9320,9.966666666666667
9f84e40e-77b4-4894-9049-d4dbef645474,8.133333333333333
02144d31-85ee-416c-9160-5f7bdff052a4,6.383333333333334
5f3227da-0269-4293-957f-6abac8c6f8ed,6.766666666666667
a23143be-5933-4e1b-896b-bb5d3359e15c,8.433333333333334
e3d6e254-309b-46fa-834f-c936f2d38207,8.233333333333333
faac015e-a2b8-439a-8785-5fd6d0cccda1,9.683333333333334
b820407f-eca7-4fe9-9c34-ca974b84b982,7.316666666666666
e3b73c53-e7b2-483b-b594-5fcd737634fa,18.1
1d4d69fc-0fcf-4415-9c5a-ddcf0f3eeb06,14.35
ec72e300-d866-45a9-93cb-92ac267b3230,6.866666666666666
e4b9e57e-0c4e-4cdb-8a39-1e64a03b0f72,9.9
f5fdb489-48f1-436d-91cf-a4994149c140,13.916666666666666
547d881c-e4ca-4703-8484-74746aa63b8e,4.666666666666667
3ec7a516-2958-4758-929b-bc98e609d610,16.083333333333332
d836613a-3ea0-4dd6-b819-594da1625303,16.033333333333335
62e6aeac-7416-4d19-bf9c-82515784a182,1.1333333333333333
78e22de8-d1b2-420b-9c3b-3c0e10287439,7.95
26b8cddf-fe6e-4048-a8fb-6971fef08e73,3.3
28e1bfbe-8c61-40b6-b081-036144413eae,20.616666666666667
cc8d3d2b-13b8-4a53-9283-810444cc153c,21.383333333333333
bc7fe954-e0e8-4649-867f-c0a3e89af40b,20.666666666666668
407ed3c2-032e-4f13-b60d-75b439b6c822,13.366666666666667
b92c939a-6e1f-417d-852c-812032c13182,14.783333333333333
0106095e-1288-4cf3-aa3c-77a6af1769b6,12.583333333333334
4d9089fa-6435-4600-82ab-a25abec6e8df,8.183333333333334
2d81ace8-8f6a-4287-b110-a5226012b098,16.3
94332455-9bfa-4654-a7fd-39f1bef1f492,6.583333333333333
5175caf2-a343-4315-934b-90d72846dc78,11.066666666666666
938d93ad-7297-4c86-99d2-836f0fb5aa78,9.683333333333334
0ef2a9cf-4095-438e-bf91-4a8c7e42aa67,14.45
f3f0f104-10c7-4b50-ac89-83e94b52c950,17.2
11b567da-674d-4c50-8dc1-64b0e301cb36,23.066666666666666
ed28040d-4679-4a49-9808-7c96de5914f1,7.133333333333334
67b704eb-9849-44d5-a501-1662baf6f241,26.6
5a428a6c-89cf-4005-a096-07fed77c1bb4,11.083333333333334
aa1e1f2d-f166-42f0-aaf3-80f032b013d2,12.45
f7864195-7149-462e-a2d8-835463e991dc,7.833333333333333
0faaab5b-cd64-4f5e-8dcb-9a40efca1481,4.183333333333334
9efee791-6648-443d-8b64-dd881f68b34a,22.4
319c14a9-6ab7-4dea-92f0-3d26725ee26b,6.083333333333333
598fbb1c-cc42-4682-bf93-114a1a16d478,26.566666666666666
8fc7f9a0-1db9-484a-aa9e-1a7ed191f5ce,17.4
5ef38415-6c58-4894-9e66-47ae6561d500,22.566666666666666
1b43d342-b7fa-4d78-92fc-356c0204bdf2,31.25
ff2e4389-30a0-434b-a55f-d0fe8aec3017,12.216666666666667
3170c772-0d96-4bb2-90ae-8e2d7a22a80a,7.133333333333334
4f9d651b-18fa-4828-b49b-b3428dcfec2e,12.233333333333333
f3fac04e-8d79-420e-b792-f1459cc215ba,8.45
8e81e3b9-222b-4243-9369-7de35879350c,10.6
74a31558-5128-4874-b7f8-633388d2959b,5.583333333333333
50af5a03-cb44-43c7-b84f-4d4caeba60f7,13.55
303b044e-0482-4c1d-a4e1-bfce39a30abb,0.8166666666666667
c4a96be3-1b4f-4026-a4cf-2e0704973a41,43.78333333333333
a8e416ba-d020-4b58-8bf2-b4d982b0cb2b,14.1
db5b0d78-2c1b-423c-9a49-4c4f73e27e56,13.866666666666667
9c8ab183-4cb7-4665-b482-90e629e6500d,0.08333333333333333
8727e4ff-abb1-49fc-809a-aa4ff2f957b3,4.816666666666666
7e536379-1841-41de-a59e-4f3e50ee7d44,5.433333333333334
e354d61b-9baf-4faf-bd84-37a0e6fe6f61,3.4833333333333334
0eecf1f9-48ff-4e97-93d4-fa6ed5ba2082,17.433333333333334
4ea7ff0b-60f2-4f85-a39e-1278b3611275,9.316666666666666
55c495a4-4441-4166-992a-a618f9bcc095,10.716666666666667
ff25d913-0a4e-4a39-b07e-89431a009aa2,10.35
d9da34bc-67a9-4fd3-a852-f79474b18033,13.35
ab359442-0fc2-4dbc-8d56-9a025c0c2ed1,10.333333333333334
360036a2-7858-45c9-ae81-33b8ebb3c409,4.3
e4836945-4c64-4d03-983c-1e336ddc5033,26.816666666666666
caf2b172-6ce8-402d-aa1f-da79a653b833,1.2
e117a214-55df-4694-9b14-fef143e29335,2.1166666666666667
99aafc5d-7c05-4f5f-b4f4-e892ae434ee0,18.966666666666665
0ad9a6d3-0660-4852-b97e-a0de70997aba,13.166666666666666
ea031f9c-246c-4d7c-ad41-355cf715fcfd,8.583333333333334
e812b9bb-6c08-4b8a-b428-9445acb2e342,9.75
2dda9436-4ff7-4f48-971b-406b4cc523b1,22.45
ab3288d4-8c69-4a53-bc59-073f21279bbe,11.483333333333333
5d0e6270-33d8-452a-8be1-a27d533df1f2,6.7
163cff16-6098-4d2b-ac24-0d067b79e423,14.85
b08eb012-2c66-4f58-b080-67a5579aa073,8.8
cb35a1da-04b3-4623-bd1b-798e4df5bafc,28.45
76c038d8-ed03-4327-ab34-e0c8e5b4c389,16.233333333333334
5e58319e-50f7-4cae-9963-64e2107a32c6,15.166666666666666
81eed31f-42ea-4e35-91bd-0e86126c74a3,6.05
c6f9469c-cb89-4a0e-b2fc-bd0c2aead9be,4.2
fe29cd2c-c596-437d-bcee-d72b2e005606,4.2
90ded36e-c8d7-423c-837d-bb5cb491780b,2.8666666666666667
86b974a0-5bb2-4700-b8c0-5f8268a00c5a,13.616666666666667
05e308ff-a44f-4497-8679-c8ed89bf9ff6,16.816666666666666
497a9d66-13f9-490e-b2ad-8000996b87ba,13.65
83687b69-2a77-46d7-b470-5dfa87f8b2c7,5.766666666666667
9d63ec84-17ae-4c1d-bdc9-fea0f2840411,16.466666666666665
c5d7a5db-1c52-4ca6-a651-b26ddb2bc678,20.6
cb729356-b16e-442b-9d90-73e2b4f5eb4f,5.716666666666667
8cccffa2-dde3-450a-8a06-51424f1f62ef,6.433333333333334
15c981f1-3089-4b3b-9c1e-f347e2f9b56f,4.116666666666666
b89a8a4a-cb6d-42bb-8769-ad1b7bed7946,7.05
7f8df423-f71e-46c0-ad64-43f776c99af0,8.533333333333333
ad5972d1-dfc9-41e0-a320-46a821576dc0,7.35
9b94c5c6-4394-407e-842e-76e38cb60bff,10.65
592b576d-5740-48ac-bdaf-5509c5cde93c,10.15
02e0ecff-0a58-4e91-ad4c-a042c999ace9,1.6333333333333333
093a77ea-ca51-4a93-ba4b-7207009c3296,4.783333333333333
d673d35c-b55f-4520-af04-fb1f5f7f16ff,2.95
8284d8f1-b12c-4063-b132-f77429d8b316,7.866666666666666
24a4807d-a83e-4e1f-b669-57224bbea142,13.15
61cc8727-37e1-4a7c-9004-fc7d3a6eda65,5.833333333333333
ca6419c7-ec3d-4b72-a252-b086946e50e9,14.783333333333333
4a6c3246-6420-4b19-8e52-db60c2f647cf,4.95
e6035b45-322c-441e-8762-7d291817b804,0.18333333333333332
f391af22-1d0e-471f-adb7-98442e32ac85,6.55
7f06b6b2-3e88-4fed-bd5e-78b0f05a8383,15.916666666666666
32769de1-9f36-4197-bbff-5bbb4fe47b8f,12.183333333333334
2b754707-308b-4313-8b08-7f74812233d9,16.983333333333334
76728763-9411-43c7-b849-b5b53b23fcf9,8.016666666666667
b081fd47-b3c3-45eb-adb2-7934178f4028,13.733333333333333
05885062-b220-4106-a83d-6de661d99805,5.116666666666666
e608e9d5-481b-4e75-b0e9-dcbe4e2d275c,7.65
db3eb8ca-aca0-4746-a366-0ee2c6ffee9b,0.08333333333333333
8357a7fb-1f2a-46b5-ba97-7a0dfc3c5b35,12.266666666666667
103df158-1cbd-4f1c-a8b6-22e367e3844d,0.4
d5d60896-ee6e-4447-8c08-fc8e11ce5ade,21.733333333333334
fc5b1903-5094-4879-b892-013e6255f96d,0.05
2bf044f8-bf0c-4551-8755-4fd27465e1ac,9.883333333333333
71285ae7-12c6-4722-89a7-383c92001ffa,21.166666666666668
74d9159a-60fb-4f5b-89e1-baf6a31d10da,8.183333333333334
dacb435a-94c8-471c-ac78-136bbb6ff798,6.166666666666667
37432bdd-17c9-49ed-bdd7-db4bf386b646,27.483333333333334
bbc0bc8e-e427-42f2-86ca-926ad42b340a,15.216666666666667
bac47a36-9027-4ffd-ab22-e3e46dd12ac7,3.033333333333333
e964516a-19fd-4c1c-ab6e-1e549b32e9cf,11.616666666666667
aa4ec85c-f83e-4a36-b3df-6ec0327b91e1,1.7
e60728c3-0ef1-4622-abce-14bf899db508,5.616666666666666
02a6fc69-0c29-4ee3-aafb-ea1df6082ffe,6.316666666666666
4d12fd35-5e44-4c6a-b804-438a0e05cfdf,7.05
fee74d32-700e-41a5-b465-4f550bb3ba32,12.116666666666667
4ed41eae-254f-4a32-bebb-1c639e629f7c,0.08333333333333333
ddb8ff18-f176-485c-ac8c-542fb94a8d40,5.316666666666666
c0819267-4fa2-43fc-ba5e-5c606bad7a07,4.45
f9aef929-cc13-4876-a0e4-95cf61f2f1c3,12.55
d5ba2c1a-913a-4a88-8e67-75072addc95e,23.25
2e8a2a87-01c0-46c8-83f2-de509b502333,12.233333333333333
04f3b617-e6ef-4bfb-9005-ec925f6ea1a9,24.7
24d0996a-881a-4b79-962c-c0b79a9ec2ff,4.7
68a0d44b-bb67-4425-9a3a-fcb4a48d4636,8.9
5d0a0633-2de1-4d85-abe3-8e3ff734fb4f,3.066666666666667
d26307f4-7c1e-49d7-afd7-77b1df9bd16f,7.316666666666666
d9eb5357-7304-49a7-8268-98f3dc5ee68e,21.083333333333332
6677636f-efe8-4764-a422-50e5e17518a7,6.35
b4733a37-e58c-4fd3-b1ae-204c941a1efa,23.55
bed5be7a-7875-464e-84b6-51d0e1c47b03,3.5166666666666666
e46a6544-e419-4074-8bcd-5d24d54154b1,8.3
28c401fc-df90-43ca-a95e-88fb6aa9347b,27.616666666666667
a6c13c62-7689-448a-92f4-0c738ca51fb8,0.16666666666666666
4d25d1e8-76bd-4fe2-8374-4eeb4b3bfaf1,0.0
35b9641b-f267-4b20-a48c-695a2986c9f5,15.083333333333334
af02d812-4bf1-4d32-ae1b-ac341e0364be,16.5
a90a71f4-8679-4c41-a761-6d8f00d436f5,129.38333333333333
ec71cffd-bb8c-4d7c-a5b9-66c5c6475ef9,20.366666666666667
594994a9-4435-4b7e-9278-f046651d1392,0.3333333333333333
6d40bd9a-0fb4-4ba2-96e9-01c043b4e17b,3.0833333333333335
79752e22-7ecb-415a-8eb0-09f5bb694e06,14.466666666666667
4d7bbf41-c6ae-48d2-a2f8-5c1c13229f90,6.516666666666667
651e93c4-a761-4d13-a22a-96a748ed1e42,6.433333333333334
7d7bcd5f-095e-466f-a599-5f13025f8989,10.466666666666667
9903562c-1533-48bf-9ddd-54e4d12e363a,25.266666666666666
19298d50-9b08-4470-96d1-57613c82ff2f,31.0
3e2f5249-54d8-4018-9aad-08c5ff35a14d,69.93333333333334
0c4ca529-b336-46b3-aadd-7953e401b9de,8.8
2dd8594e-54fb-4b93-9257-fe319c0f2b65,14.166666666666666
e9529b86-734a-4bb0-9381-4723ae4ea58c,5.333333333333333
bf519fd6-90fc-48f3-a3b0-39bf1abcc813,0.08333333333333333
15345063-2587-45f0-9a70-112d45802d5a,6.383333333333334
aba0c8e3-8d08-4331-b9a2-43af58b6ec1d,0.06666666666666667
e54aa097-8a60-42e8-80e7-281386a9d04f,12.3
44687884-a58e-4007-98cf-35446f62bc0b,4.383333333333334
fec0581e-f164-4ddf-9152-c01c6f3c58ff,1.3666666666666667
e71ae043-8d5a-47e8-bad5-3547a45be89f,13.683333333333334
b7fcc743-d520-40de-9174-175dde0df03f,0.26666666666666666
36f76f2e-a977-4624-b23e-fba14d0bb57a,7.4
5f7850de-6781-46d3-b9b5-0a85661ab965,3.283333333333333
50a17259-1390-40b7-9638-6d3266d841db,7.683333333333334
94496b4b-1c6c-4151-9261-c53dc8d56e72,14.466666666666667
ab5b9f8b-164e-4e1f-ad2e-3d7fdab0c6e9,16.35
5a6668bb-7fb6-414e-a015-5f635fd0dcc2,32.18333333333333
ce40c0ca-a4d6-43fd-a47c-37f0caa3803f,30.716666666666665
ffc105d4-d643-466e-9b56-f0f3727596b0,14.55
824c02cd-477e-467e-8086-7f48666e8220,19.683333333333334
b094840f-b1f3-4cdf-8eb8-0a741737cd09,0.5166666666666667
399d50e3-f86a-436a-8b06-d4c8f250c325,4.933333333333334
4fa36d08-eb9c-43e9-b4a6-189f9ec380f7,23.433333333333334
d3bfd219-3814-4d59-b0c5-0552f45f66de,0.6666666666666666
48cac1bf-1c48-4554-94c9-25a03bae4ec9,5.65
78bf4631-999f-4571-b345-42d387d8f637,5.966666666666667
e86f906a-cafb-4ab7-9703-fcfdb08d855f,10.383333333333333
b93a6f03-8081-479b-8211-9c27b834519a,7.416666666666667
280f375a-8f6e-41e9-a863-6a551837f7d5,20.816666666666666
81eef842-8291-44fd-beab-3c1cc4930bf1,13.366666666666667
2146a480-c805-4a7a-a87e-f551b67f93bf,25.3
78c47b7f-6570-4795-bddf-25b3d86f15f6,19.85
e8fdbfb9-b1ba-447d-80e7-7ea8d82114b1,11.3
539a3339-6103-4082-bdc0-7df9e6ab9882,6.333333333333333
933a41eb-7fcf-4fb2-97d4-e19196f9ce8e,1.35
da250f72-96f5-4273-9d42-c47e4c8654fd,8.933333333333334
e3334c06-281e-4982-8b1b-1f9d7b6f4ff7,13.183333333333334
78eb1d1b-873e-416f-89b3-01b4ebcbc828,4.383333333333334
4613b104-aa03-44aa-bef5-bfe47d285d27,3.966666666666667
92855797-ee5d-458d-9fc5-883bd1ecce72,14.216666666666667
6022155b-6088-4d50-98c3-b66869e1f0c9,6.0
b43f180c-1046-403f-ab66-7b28e0a19a7b,2.933333333333333
192ec194-a5fc-4ce0-b1da-f9772625bd22,5.266666666666667
a261a060-9d23-4ebd-872e-e18fa6f4f482,4.866666666666666
9d2132e5-1232-4acb-a09a-e39c1f44df3d,28.666666666666668
2988c56b-3e72-4685-8be0-dde61fcb2681,9.0
45ee90e6-39ab-478a-baf6-fa2b194f5787,0.03333333333333333
bab9bd69-bb37-4f87-b164-2b24e752756b,7.25
e3636a31-1cf7-4cb6-8a7c-08e18c22c25a,11.1
35df05ea-b210-4967-9638-5bf82e641ee6,6.95
bcb5664c-2682-4fe2-ae49-b66fba727104,6.666666666666667
5f316d34-b48f-4536-ba02-1591f81e6778,6.366666666666666
e0c73b62-1dc9-4a24-b760-3b3f644a867d,3.25
3902605b-314f-4f28-a3f1-c81123cb9c8e,11.75
8d4501f1-a530-4475-ba74-ef93d01eecf1,9.516666666666667
801ef2d3-4243-4f0b-9286-27fe13ffb537,10.883333333333333
d259027a-a223-44fc-b369-fbfca80feba0,13.55
449a801d-0772-4ba0-8209-ffc156e75278,6.266666666666667
493584a1-fca1-4e46-8dc5-bebb0939993e,16.683333333333334
f3ca6091-3e66-45c6-bcea-ed69fd95bc7d,11.1
fc40fa91-61d2-4220-92c1-92a19471c1c5,7.55
e796ac40-14a6-4652-bd0d-d6de7d1ec226,14.533333333333333
cbfe402d-bd16-478f-9065-c3bb2661d121,4.05
7a68afa2-832c-4b61-bf1f-e1175658b9a3,5.0
b21f4e7e-a360-4339-b54b-0d76551d6f83,12.333333333333334
764b3976-671e-4327-98bb-b5fd225cb182,7.6
36f39928-6fb4-477c-b6e3-60bd7ecd48fc,17.033333333333335
f2473a64-f776-41b9-9bad-824a96f5f0e8,2.4166666666666665
c996a4f7-9639-4903-ae2f-218ac20b028d,5.766666666666667
a6c4e010-4fb0-451c-ae17-38d9ceda5e74,13.283333333333333
24458f8f-f385-4924-8bfb-85374123c3a5,11.5
48658287-c408-41f1-9090-4d3d6c36d291,14.083333333333334
d4267d9d-5162-47e5-8068-e117bf985c70,19.95
b438a918-6c24-4e0f-af93-84a762702f68,4.966666666666667
7dda4a04-2def-44eb-a2f6-f050a91bfef2,0.4
d33c8b4b-a5af-4c13-80e9-01e270539f28,0.4
7b2be99b-34dc-451e-b4ed-e43980a12ca0,7.15
1d85dde4-59fa-48d1-ac6d-9fc49cae79ab,3.05
d658e143-3aa1-476b-b8dc-591932886f41,9.283333333333333
aa181bd4-303d-455a-9593-c34632e379de,7.516666666666667
ec494e62-4460-4da4-bc02-afda5adfa714,5.0
ab47b668-eca8-4ade-9576-cc1138c9a3db,6.75
5af3759a-82d5-436c-8d54-8c730ae76e31,6.983333333333333
b4f6daa3-4ae5-402b-862f-045aa32e23eb,11.283333333333333
059069c1-b439-4945-8643-b2f39b24065d,4.15
e5c1ae34-6e43-4c84-b945-290673276aa0,18.616666666666667
db54cc8a-ceed-47fc-a504-f39783ec61f5,8.016666666666667
c606a554-dc7f-4ca3-8dc4-666c02dbcbe7,16.966666666666665
e5374333-09b8-4b6f-926b-bff0f584df6d,34.05
f79a06df-5dcf-4a75-bc31-99407b0d1eba,9.583333333333334
b30a71ac-edc3-4141-b8a8-66a2c16143a1,3.466666666666667
b0f16365-b2cf-4a7f-81d6-52ca98453397,2.2666666666666666
992607fe-ec40-4c28-9c4c-220d446eef64,7.466666666666667
b5f9ace5-bba4-4f21-8558-8b89c86d963a,4.65
4d08280c-b7d6-40d9-8f7a-334bf5310fd9,9.016666666666667
5b1697ba-ec23-4f0a-a477-7fb47c73b006,6.2
de08730e-739e-476b-b4b9-7ad72011c539,5.466666666666667
302266e0-d4c5-485c-9307-74e7ef0825d1,1.0666666666666667
0e443b25-a1d1-40c7-8b29-93c1ec5481cb,5.1
8834a52b-4b8a-4001-ad1f-4fb735b48e29,21.166666666666668
5103ae46-2248-465a-ae48-7c7683e697e0,19.416666666666668
9d139e9b-50de-43d9-89d9-0d1790eaf233,4.35
02838489-3a97-4014-81b1-2eb131d0d471,6.266666666666667
7db1f1f7-f611-4bd3-8e68-d8646c5e3b82,7.333333333333333
bb41e917-14f4-48da-99f0-7c52586235fd,12.7
afb92a37-2783-4ae0-93b5-03251b803ce0,24.316666666666666
f81a9fdd-1337-483e-8662-fe0b8069f262,12.35
bfca47f8-042b-4266-b3e0-b4c08d3acdee,14.5
6cb265c4-f43f-4589-a5e0-3a05155621a1,8.733333333333333
fd295ab6-d9ef-41b3-a6eb-673794cbb135,12.8
7cd46792-2f75-4cf0-8e87-b2bfa2262175,0.4
e3c8dc60-02d4-4dc3-9295-4161c4b4e6c5,15.766666666666667
b401b760-9e09-4298-bf5b-0eb93e09cc71,10.85
c916aab7-97d1-4371-80db-cbb14d49a325,3.4833333333333334
63e984f8-85bf-4d24-99ff-78acaae76960,5.6
6c56faf6-1e69-4179-b261-e3d716dc9e97,10.3
af31b7b7-2d42-4cd6-a3ec-e41c8c660a0f,4.566666666666666
